基金代碼,基金中文名稱
100,富邦精準基金
101,富邦長紅基金
102,富邦冠軍基金
103,富邦高成長基金
104,富邦價值基金
105,富邦網路基金
106,富邦亞洲科技基金
107,富邦台灣心基金
108,富邦福寶基金
109,富邦全球精選基金
110,富邦如意基金
111,富邦吉祥貨幣市場基金
112,富邦金如意基金
113,富邦千禧龍基金
114,富邦吉祥一號基金
115,富邦吉祥二號基金(台幣)
116,富邦吉祥三號基金(台幣)
117,富邦福泰基金(台幣)
118,富邦精銳中小基金(台幣)
119,盛華6666平衡基金
120,台新1699貨幣市場基金
121,台灣工銀5599債券基金
122,台灣工銀優質全球組合基金
123,盛華9966平衡基金
124,富邦全球債券基金(台幣)
125,華頓中興幸福基金(台幣)
126,盛華0566全球平衡
127,大眾精湛基金
128,大眾創業家基金
129,聯邦雙利基金(台幣)
130,聯邦價值基金(台幣)
131,摩根台灣基金
132,(百元基金)摩根新興35基金
133,摩根全球債券基金(累積型)
134,永豐全球債券組合基金
135,安聯全球綠能趨勢基金
136,瀚亞精選傘型基金之債券精選組合基金A
137,保德信新興趨勢組合基金
138,瀚亞精選傘型基金之趨勢精選組合基金
139,匯豐新鑽動力基金
140,台灣工銀新台灣基金
141,台灣工銀101全球抵押貸款債權證券化基金
142,台新北美收益資產證券化基金(不配息)
143,元大寶來亞洲台資企業基金(台幣)
144,永豐雙核心組合基金
145,(百元基金)野村全球生技醫療基金
146,瑞銀亞洲全方位不動產基金
147,(百元基金)摩根全球發現基金
148,匯豐全球趨勢組合基金
149,柏瑞美國雙核心收益基金A(不配息)
150,柏瑞美國雙核心收益基金B(月配息)
151,(百元基金)摩根縱橫台商基金
152,匯豐全球關鍵資源基金
153,柏瑞亞太高股息A基金(不配息)(台幣)
154,柏瑞亞太高股息B(月配息)基金
155,台灣工銀全球多元策略入息平衡基金(不配)
156,台灣工銀全球多元策略入息平衡基金(季配息)
157,瑞銀全球創新趨勢基金
158,(百元基金)摩根新絲路基金
159,富邦大中華成長基金
160,(百元基金)摩根東方內需機會基金
161,柏瑞全球策略高收益債券基金A
162,柏瑞全球策略高收益債券基金B(月配息)
163,(百元基金)摩根金龍收成基金
164,摩根神龍平衡基金
165,安聯四季回報債券組合基金
166,惠理康和台灣紅不讓基金
167,保德信高成長基金(手續費前收型)
168,保德信金滿意基金(手續費前收型)
169,保德信亞太基金(手續費前收型)
170,台新2000高科技基金
171,康和比聯KBC社會責任永續基金
172,瑞銀亞洲雙主軸債券基金
173,(百元基金)元大大中華價值指數基金
174,摩根中美G2新勢力基金
175,國泰MAN AHL組合期貨信託基金
176,(百元基金)摩根中國亮點基金
177,元大商品指數期貨基金
178,群益新興大消費基金
179,(百元基金)元大全球靈活配置債券組合基金-不配息型
180,元大全球靈活配置債券組合基金-季配息型
181,(百元基金)摩根台灣金磚基金
182,柏瑞新興市場高收益債券基金A
183,柏瑞新興市場高收益債券基金B(月配息)
184,元大寶來新興亞洲龍頭基金
185,(百元基金)摩根新金磚五國基金
186,(百元基金)元大巴西指數基金
187,(百元基金)元大印度指數基金
188,(百元基金)元大印尼指數基金
189,元大多元策略期貨信託基金
190,柏瑞五國金勢力建設基金
191,元大黃金期貨信託基金
192,群益多利策略組合基金
193,保德信新興市場債券基金(不配息)
194,(百元基金)摩根總收益組合基金基金(累積型)
195,柏瑞中印雙霸基金基金
196,(百元基金)元大全球國富債券基金
197,元大全球國富債券基金-月配息型
198,群益東協成長基金
199,(百元基金)摩根資源活力股票基金
1Y7,天達環球股票入息基金C累積股份(配息帳戶)
200,(百元基金)摩根新興市場高收益債券基金(累積型)
201,摩根新興市場高收益債券基金(月配息)
202,群益印度中小基金
203,元大新興市場ESG策略基金
204,(百元基金)摩根亞洲總合高收益債券基金(累積型)
205,摩根亞洲總合高收益債券基金(月配息型)
206,元大寶來全球ETF棒組合基金
207,宏利中國離岸債券基金A
208,宏利中國離岸債券基金B季配息
209,宏利中國高收益債券基金A(美元)
210,匯豐中國點心高收益債券(不配息)基金
211,群益亞洲新興市場投資級債券基金-A不配息
212,群益亞洲新興市場投資級債券基金-B配息
213,(百元基金)永豐中國經濟建設基金
214,匯豐資源豐富國家債券基金-A
215,匯豐資源豐富國家債券基金-B(月配息)
216,(百元基金)元大中國平衡基金
217,宏利中國高收益債券基金B月配息(美元)
218,(百元基金)永豐中國高收益債券基金-累積類型
219,兆豐國際全球債券組合基金B(季配)
220,富邦科技基金
221,柏瑞新興市場企業策略債券基金
222,柏瑞新興市場企業策略債券基金(月配息)
223,宏利東方明珠短期收益基金(美元)
224,復華南非幣長期收益基金A類型
225,復華南非幣長期收益基金B類型-月配息
226,復華南非幣短期收益基金A類型
227,復華南非幣短期收益基金B類型-月配息
228,復華南非幣2017保本基金
229,(百元基金)永豐新興市場企業債券基金-累積類型
230,永豐新興市場企業債券基金-月配類型
231,(百元基金)復華新興人民幣債券基金A類型
232,復華新興人民幣債券基金B類型(配息)
233,復華人民幣貨幣市場基金
234,(百元基金)永豐中國高收益債券基金(累積類型)(人民幣)
235,瑞銀亞洲高收益債券基金B類型(月配息)
236,永豐中國高收益債券基金(月配類型)(人民幣)
237,宏利中國高收益債券基金A(人民幣)
238,宏利中國高收益債券基金B月配息(人民幣)
239,宏利東方明珠短期收益基金(人民幣)
240,宏利中國離岸債券基金A(人民幣)
241,宏利中國離岸債券基金-B季配息(人民幣)
242,(百元基金)施羅德中國高收益債券基金累積型(人民幣)
243,施羅德中國高收益債券基金-配息型(人民幣)
244,施羅德中國高收益債券基金-累積型(美元)
245,施羅德中國高收益債券基金-配息型(美元)
246,匯豐中國點心高收益債券基金(不配息)(人民幣)
247,匯豐中國點心高收益債券基金(配息)(人民幣)
248,(百元基金)摩根中國A股基金
249,宏利澳幣保本基金
250,康和多空成長期貨信託基金
251,永豐中國高收益債券基金-月配類型
252,(百元基金)富蘭克林華美全球高收益債券基金(累積)(美元)
253,富蘭克林華美全球高收益債券B基金(月配息)(美元)
254,富蘭克林華美全球高收益債券基金(累積)(澳幣)
255,富蘭克林華美全球高收益債券B基金(月配息)(澳幣)
256,(百元基金)施羅德中國債券基金累積(人民幣)
257,施羅德中國債券基金配息型(人民幣)
258,施羅德中國債券基金累積型(美元)
259,施羅德中國債券基金配息型(美元)
260,(百元基金)野村環球高收益債基金(累積)(美元)
261,野村環球高收益債基金(月配)(美元)
262,柏瑞新興亞太策略債券基金A
263,柏瑞新興亞太策略債券基金B(月配息)
264,景順人民幣新興亞太入息基金(累積型)(美元)
265,景順人民幣新興亞太入息基金(月配型)(美元)
266,景順人民幣新興亞太入息基金(累積型)(人民幣)
267,景順人民幣新興亞太入息基金(月配型)(人民幣)
268,柏瑞全球策略高收益債券基金B(月配息)(澳幣)
269,柏瑞全球策略高收益債券基金B(月配息)(南非幣)
270,永豐南非幣2021保本基金
271,富邦富邦基金
272,兆豐國際人民幣貨幣市場基金
273,柏瑞全球策略高收益債券基金A(人民幣)
274,柏瑞全球策略高收益債券B基金(月配息)(人民幣)
275,(百元基金)富蘭克林華美全球高收益債券基金(累積)(人民幣)
276,富蘭克林華美全球高收益債券基金B(月配息)(人民幣)
277,(百元基金)瀚亞全球高收益債券A基金-人民幣
278,瀚亞全球高收益債券基金(配息)-人民幣
279,(百元基金)摩根多元入息成長基金(累積)
280,摩根多元入息成長基金(月配)
281,摩根多元入息成長基金(月配)(美元)
282,摩根多元入息成長基金(月配)(人民幣)
283,元大中國平衡基金(人民幣)
284,(百元基金)野村環球高收益債基金(累積)(人民幣)
285,野村環球高收益債基金(月配)(人民幣)
286,(百元基金)野村亞太複合高收益債基金(累積)(人民幣)
287,野村亞太複合高收益債基金(月配)(人民幣)
288,元大人民幣貨幣市場基金(台幣)
289,元大人民幣貨幣市場基金(人民幣)
290,(百元基金)元大中國機會債券基金A(台幣)
291,元大中國機會債券基金A(人民幣)
292,元大中國機會債券基金B(配息)(人民幣)
293,(百元基金)永豐新興市場企業債券基金(累積類型)(人民幣)
294,永豐新興市場企業債券基金(月配類型)(人民幣)
295,瀚亞亞太豐收平衡A基金
296,瀚亞亞太豐收平衡基金(配息)
297,(百元基金)瀚亞亞太豐收平衡A基金-人民幣
298,瀚亞亞太豐收平衡基金(配息)-人民幣
299,(百元基金)瀚亞亞太高股息A基金-人民幣
300,瀚亞亞太高股息基金(配息B)-人民幣
301,摩根亞洲總合高收益債券基金(月配)(人民幣)
302,摩根亞洲總合高收益債券基金(月配)(美元)
303,第一金中國世紀基金(人民幣)
304,第一金全球高收益債券基金A(美元)
305,第一金全球高收益債券基金B(配息)(美元)
306,柏瑞新興市場企業策略債券基金(人民幣)
307,柏瑞新興市場企業策略債券基金(月配息)(人民幣)
308,柏瑞新興亞太策略債券A基金(人民幣)
309,柏瑞新興亞太策略債券基金(月配息)(人民幣)
310,富邦中國新平衡入息基金(臺幣累積)
311,富邦中國新平衡入息基金(臺幣月配)
312,(百元基金)富邦中國新平衡入息基金(人民幣累積)
313,富邦中國新平衡入息基金(月配)(人民幣)
314,富邦中國新平衡入息基金(美元累積)
315,富邦中國新平衡入息基金(美元月配)
316,聯博全球高收益債券基金TA月配(美元)
317,聯博全球高收益債券基金TA月配(人民幣)
318,聯博全球高收益債券基金TA月配(澳幣)
319,聯博全球高收益債券基金TA月配(南非幣)
320,兆豐國際中國A股基金(新臺幣)
321,兆豐國際中國A股基金(美元)
322,國泰中港台基金
323,國泰中港台基金(美元)
324,永豐人民幣貨幣市場基金
325,(百元基金)永豐人民幣債券基金-累積
326,永豐人民幣債券基金-月配
327,永豐人民幣貨幣市場基金(人民幣)
328,(百元基金)永豐人民幣債券基金(累積)(人民幣)
329,永豐人民幣債券基金(月配)(人民幣)
330,第一金人民幣貨幣市場基金
331,第一金人民幣貨幣市場基金(人民幣)
332,(百元基金)富邦中國優質債券基金(累積)(人民幣)
333,富邦中國優質債券基金(月配)(人民幣)
334,(百元基金)富邦中國高收益債券基金(累積)(人民幣)
335,富邦中國高收益債券基金(月配)(人民幣)
336,富邦中國優質債券基金(累積)(美元)
337,富邦中國優質債券基金(月配)(美元)
338,富邦中國高收益債券基金(累積)(美元)
339,富邦中國高收益債券基金(月配)(美元)
340,(百元基金)復華中國新經濟平衡基金(新臺幣)
341,(百元基金)復華中國新經濟A股基金(新臺幣)
342,(百元基金)復華中國新經濟平衡基金(人民幣-A類型)
343,復華中國新經濟平衡基金(人民幣-B類型)
344,(百元基金)復華中國新經濟A股基金(人民幣)
345,(百元基金)摩根新興雙利平衡基金(累積)
346,摩根新興雙利平衡基金(月配)
347,摩根新興雙利平衡基金(月配)(美元)
348,摩根新興雙利平衡基金(月配)(人民幣)
349,柏瑞新興市場高收益債券基金A(人民幣)
350,柏瑞新興市場高收益債券基金B(月配息)(人民幣)
351,(百元基金)野村全球高股息基金(累積)(人民幣)
352,野村全球高股息基金(季配)(人民幣)
353,(百元基金)野村全球不動產證券化基金(累積)(人民幣)
354,野村全球不動產證券化基金(月配)(人民幣)
355,瀚亞亞太豐收平衡A基金-美元
356,瀚亞亞太豐收平衡基金(配息)-美元
357,瀚亞亞太豐收平衡A基金-澳幣
358,瀚亞亞太豐收平衡基金(配息)-澳幣
359,瀚亞亞太豐收平衡基金A-南非幣
360,瀚亞亞太豐收平衡基金(配息)-南非幣
361,(百元基金)永豐中國經濟建設基金(人民幣)
362,群益中國新機會基金(新臺幣) 
363,群益中國新機會基金(美元) 
364,群益華夏盛世基金(美元) 
365,群益華夏盛世基金(人民幣) 
366,(百元基金)富蘭克林華美中國A股基金(人民幣)
367,(百元基金)富蘭克林華美中國消費基金(人民幣)
368,聯博多元資產收益組合基金A2累積(美元)
369,聯博多元資產收益組合基金AD月配(美元)
370,聯博多元資產收益組合基金A2累積(人民幣)
371,聯博多元資產收益組合基金AD月配(人民幣)
372,聯博多元資產收益組合基金AD月配(南非幣)
373,貝萊德亞洲高收益債券基金(累積)
374,貝萊德亞洲高收益債券基金(月配)
375,貝萊德亞洲高收益債券基金(月配)(人民幣)
376,貝萊德亞洲高收益債券基金(月配)(美元)
377,(百元基金)野村多元資產動態平衡基金(累積)
378,野村多元資產動態平衡基金(月配)
379,(百元基金)野村多元資產動態平衡基金(累積)(美元)
380,野村多元資產動態平衡基金(月配)(美元)
381,(百元基金)野村多元資產動態平衡基金(累積)(人民幣)
382,野村多元資產動態平衡基金(月配)(人民幣)
383,野村多元資產動態平衡基金(累積)(澳幣)
384,野村多元資產動態平衡基金(月配)(澳幣)
385,野村多元資產動態平衡基金(累積)(南非幣)
386,野村多元資產動態平衡基金(月配)(南非幣)
387,聯博多元資產收益組合基金AD月配(澳幣)
388,國泰中國內需增長基金(美元)
389,(百元基金)富蘭克林華美中國A股基金(美元)
390,(百元基金)富蘭克林華美中國消費基金(美元)
391,富蘭克林華美全球高收益債券基金(累積)(南非幣)
392,富蘭克林華美全球高收益債券B基金(月配息)(南非幣)
393,(百元基金)瀚亞印度基金-人民幣
394,(百元基金)瀚亞中國基金-人民幣
395,瀚亞印度基金-美元
396,(百元基金)永豐歐洲50指數基金
397,永豐歐洲50指數基金(歐元)
398,(百元基金)野村環球基金(人民幣)
399,群益中國新機會基金(人民幣)
400,第一金人民幣高收益債券基金(累積)(人民幣)
401,第一金人民幣高收益債券基金(配息)(人民幣)
402,聯博歐洲多重資產基金AD月配(美元)
403,聯博歐洲多重資產基金AD月配(人民幣)
404,(百元基金)摩根中國A股基金(美元)
405,貝萊德亞太全方位股票入息基金(累積)
406,貝萊德亞太全方位股票入息基金(月配)
407,貝萊德亞太全方位股票入息基金(月配)(人民幣)
408,貝萊德亞太全方位股票入息基金(月配)(美元)
409,富蘭克林華美新世界股票基金(美元)
410,富蘭克林華美新世界股票基金(人民幣)
411,富蘭克林華美富蘭克林全球債券組合基金(累積型)(美元)
412,富蘭克林華美富蘭克林全球債券組合基金(月配息型)(美元)
413,富蘭克林華美全球投資級債券基金(累積型)(美元)
414,富蘭克林華美全球投資級債券基金(月配息型)(美元)
415,富蘭克林華美新興趨勢傘型基金之積極回報債券組合基金-累積型(美元)
416,富蘭克林華美新興趨勢傘型基金之積極回報債券組合基金-月配息型(美元)
417,富蘭克林華美新興趨勢傘型基金之積極回報債券組合基金-累積型(人民幣)
418,富蘭克林華美新興趨勢傘型基金之積極回報債券組合基金-月配息型(人民幣)
419,群益印度中小基金(美元)
420,群益東協成長基金(美元)
421,群益印度中小基金(人民幣)
422,群益東協成長基金(人民幣)
423,(百元基金)永豐標普500紅利指數基金
424,(百元基金)永豐標普東南亞指數基金
425,(百元基金)永豐標普500紅利指數基金(美元)
426,(百元基金)永豐標普東南亞指數基金(美元)
427,瑞銀全球生物科技基金
428,瑞銀全球生物科技基金(美元)
429,瑞銀全球生物科技基金(人民幣)
430,富蘭克林華美多重收益平衡基金(累積)(美元)
431,富蘭克林華美多重收益平衡基金(月配息)(美元)
432,富蘭克林華美多重收益平衡基金(累積)(人民幣)
433,富蘭克林華美多重收益平衡基金(月配息)(人民幣)
434,富蘭克林華美多重收益平衡基金(累積)(南非幣)
435,富蘭克林華美多重收益平衡基金(月配息)(南非幣)
436,第一金全球機器人及自動化產業基金(美元)
437,瑞銀亞洲高收益債券基金A類型(累積)
438,元大新東協平衡基金(美元)
439,元大新興印尼機會債券基金(配息)(美元)
440,元大新興印尼機會債券基金(配息)(人民幣)
441,野村全球短期收益基金(美元)
442,第一金全球FinTech金融科技基金(美元)
443,第一金全球高收益債券基金A(人民幣)
444,第一金全球高收益債券基金B(配息)(人民幣)
445,柏瑞特別股息收益基金A(不配息)(新臺幣)
446,柏瑞特別股息收益基金B(月配息)(新臺幣)
447,柏瑞特別股息收益基金A(不配息)(人民幣)
448,柏瑞特別股息收益基金B(月配息)(人民幣)
449,柏瑞特別股息收益基金A(不配息)(美元)
450,柏瑞特別股息收益基金B(月配息)(美元)
451,富邦策略高收益債券基金A(不配息)(新臺幣)
452,富邦策略高收益債券基金C(月配息)(新臺幣)
453,富邦策略高收益債券基金A(不配息)(美元)
454,富邦策略高收益債券基金C(月配息)(美元)
455,復華全球物聯網科技基金(美元)
456,宏利三年到期亞洲新興債券基金A(美元)
457,宏利三年到期亞洲新興債券基金C季配息(美元)
458,富邦歐亞絲路多重資產型基金A(不配息)(人民幣)
459,富邦歐亞絲路多重資產型基金B(月配息)(人民幣)
460,富邦歐亞絲路多重資產型基金A(不配息)(美元)
461,富邦歐亞絲路多重資產型基金B(月配息)(美元)
462,兆豐國際目標策略ETF組合基金(新臺幣)
463,元大亞太優質高股息100指數基金A
464,元大亞太優質高股息100指數基金B(季配息)
465,元大亞太優質高股息100指數基金B(季配息)(美元)
466,元大亞太優質高股息100指數基金B(季配息)(澳幣)
467,元大新興雙印四年到期債券基金A(不配息)
468,元大新興雙印四年到期債券基金B(季配息)
469,元大新興雙印四年到期債券基金A(不配息)(美元)
470,元大新興雙印四年到期債券基金B(季配息)(美元)
500,富蘭克林坦伯頓全球全球基金B股(美元)
501,富蘭克林坦伯頓全球新興國家基金B股(美元)
502,富蘭克林坦伯頓全球全球債券基金B股(月配息)(美元)
503,富蘭克林坦伯頓全球新興國家固定收益基金B股(季配息)(美元)
504,富蘭克林坦伯頓全球美國政府基金B股(月配息)(美元)
505,富蘭克林坦伯頓全球公司債基金B股(月配息)
506,富蘭克林坦伯頓全球全球平衡基金B股(美元)
507,景順特選退休-環球債券基金(港幣)
508,景順特選退休-平衡基金(港幣)
509,景順特選退休-策略增長基金(港幣)
50A,法巴L1歐洲精選可換股債券基金(歐元)
50B,法巴L1歐洲精選可換股債券基金(年配息)(歐元)
50C,富蘭克林坦伯頓全球印度基金B股
50D,富蘭克林坦伯頓全球科技基金B股(美元)
50E,富蘭克林坦伯頓全球生技領航基金B股
50F,富蘭克林坦伯頓全球亞洲債券基金B股(月配息)
50G,比利時聯合資產管理公司-全球高股息基金
50H,比利時聯合資產管理公司-歐洲庫藏股基金
50I,比利時聯合資產管理公司-全球地產基金
50J,比利時聯合資產管理公司-全球高利率債券基金
50K,比利時聯合資產管理公司-新興歐洲債券基金
50L,富蘭克林坦伯頓全球東歐基金B股
50M,富蘭克林坦伯頓全球潛力歐洲基金B股
50N,富蘭克林坦伯頓全球中小型企業基金B股
50O,法國興業金礦股票基金A股
50P,法國興業全球能源股票基金A股
50Q,法國興業歐元周期性股票基金A股
50R,法國興業歐元金融股票基金A股
50S,法國興業歐元股票基金A股
50T,法國興業歐洲精選股票基金A股
50U,法國興業美國相關價值股票基金A股
50V,法國興業美國大型公司增長股票基金A股
50W,法國興業美國小型公司價值股票基金A股
50X,法國興業日本精選增長股票基金A股
50Y,法國興業東歐股票基金A股
50Z,法國興業歐元貨幣市場基金A股
510,景順太平洋基金A(年配)(美元)
511,景順投資基金C股
512,環球沛智美元流動基金(美元)
513,環球沛智歐元流動基金(歐元)
514,創利德(盧森堡)美元短期債券基金(美元)
515,美國運通美元債券基金(美元)
516,天利(盧森堡)全球策略債券基金(歐元)
517,天利(盧森堡)全球策略債券基金(美元)
518,天利(盧森堡)歐洲積極債券基金(歐元)
519,天利(盧森堡)環球資產配置基金(美元)
51A,法國興業美元貨幣市場基金A股
51B,(百元基金)瀚亞泛歐股票基金A
51C,(百元基金)瀚亞全球科技股票基金A 
51D,(百元基金)瀚亞全球價值股票基金A
51E,(百元基金)瀚亞美國優質債券基金A
51F,(百元基金)瀚亞美國高收益債券基金
51G,(百元基金)瀚亞美國特優級債券基金A
51H,(百元基金)瀚亞亞洲債券基金
51I,瀚亞亞洲債券基金ADQ
51J,瀚亞M＆G北美股息基金A(歐元)
51K,瀚亞M＆G歐洲基金A(歐元)
51L,瀚亞M＆G歐洲小型股基金A(歐元)
51M,瀚亞M＆G全球民生基礎基金A(歐元)
51N,瀚亞M＆G全球領導企業基金A(歐元)
51O,瀚亞M＆G全球科技基金A股
51P,瀚亞M＆G日本基金A(歐元)
51Q,瀚亞M＆G日本小型股基金A(歐元)
51R,瀚亞M＆G泛歐基金A(歐元)
51S,瀚亞M＆G公司債基金
51T,瀚亞M＆G歐洲公司債基金
51U,瀚亞M＆G歐洲高收益債券基金
51V,瀚亞M＆G北美股息基金A(美元)
51W,瀚亞M＆G全球民生基礎基金A(美元)
51X,瀚亞M＆G全球領導企業基金A(美元)
51Y,比利時聯合資產管理公司-全球高利率債券基金(美元配息)
51Z,比利時聯合資產管理公司-新興歐洲債券基金(美元配息)
520,天利(盧森堡)全球焦點基金(美元)
521,天利(盧森堡)北美基金(美元)
522,創利德(盧森堡)美國中小型公司股票基金(美元)
523,天利(盧森堡)美國選擇基金(美元)
524,天利(盧森堡)泛歐洲股票基金(歐元)
525,創利德(盧森堡)日本股票基金(美元)
526,創利德(盧森堡)全球創新基金(美元)
527,創利德(盧森堡)全球高收益與新興市場債券基金(歐元)
528,天利(盧森堡)新興市場債券基金(美元)
529,創利德(盧森堡)美元短期債券基金(歐元)
52A,富達全球成長及收益基金-配權帳戶-美元
52B,富達全球不動產基金(美元)-配權帳戶-美元
52C,富達全球不動產基金(歐元)-配權帳戶-歐元
52D,富達新興市場債券基金-配權帳戶-美元
52E,富達新興市場債券基金-配權帳戶-歐元
52F,富達新興亞洲基金-配權帳戶-美元
52G,富達新興亞洲基金-配權帳戶-歐元
52H,富達新興亞洲基金(累積)-配權帳戶-美元
52I,亨德森遠見亞太地產股票基金
52J,亨德森遠見全球地產股票基金
52K,(百元基金)施羅德環球收益股票A1累積(美元)
52L,施羅德環球收益股票 A1配息(美元)
52M,施羅德環球收益股票A1累積(歐元)
52N,(百元基金)施羅德環球城市房地產股票基金(美元)
52O,施羅德環球城市房地產股票基金(歐元對沖)
52P,施羅德亞洲債券A1累積(歐元對沖)
52Q,施羅德亞洲債券A1配息(歐元對沖)
52R,鋒裕環球趨勢基金A2(歐元)
52S,鋒裕環球趨勢基金A2(美元)
52T,鋒裕全球科技媒體通訊基金A2(歐元)
52U,鋒裕全球科技媒體通訊基金A2(美元)
52V,鋒裕環球高收益基金A2(歐元)
52W,鋒裕環球高收益基金A2(美元)
52X,鋒裕環球高收益基金AXD配息(美元)
52Y,貝萊德環球動力股票基金(歐元)
52Z,(百元基金)貝萊德環球動力股票基金(美元)
530,美國運通美元債券基金(歐元)
531,天利(盧森堡)歐洲積極債券基金(美元)
532,天利(盧森堡)環球資產配置基金(歐元)
533,天利(盧森堡)全球焦點基金(歐元)
534,天利(盧森堡)北美基金(歐元)
535,創利德(盧森堡)美國中小型公司股票基金(歐元)
536,天利(盧森堡)美國選擇基金(歐元)
537,天利(盧森堡)泛歐洲股票基金(美元)
538,創利德(盧森堡)日本股票基金(歐元)
539,創利德(盧森堡)全球創新基金(歐元)
53A,瑞銀(瑞士)亞洲可轉換債券基金(美元)
53B,瑞銀(瑞士)黃金股票基金(美元)
53C,(百元基金)施羅德印度股票A1累積(美元)
53D,(百元基金)施羅德亞太城市房地產股票基金(美元)
53E,(百元基金)施羅德環球進取股票A1累積(美元)
53F,施羅德環球進取股票基金-環球系列
53G,駿利環球研究基金A累計(美元)
53H,駿利環球研究基金A累計(歐元對沖)
53I,駿利環球研究基金B累計(美元)
53J,駿利環球研究基金B累計(歐元)
53K,(百元基金)百達-生物科技-R 美元
53L,百達-生物科技-R 歐元
53M,(百元基金)百達-健康基金-R 美元
53N,百達-健康基金-R 歐元
53O,百達-水資源-R 美元
53P,百達-水資源-R 歐元
53Q,百達-數位科技基金-R 美元
53R,(百元基金)百達-精選品牌-R 美元
53S,百達-精選品牌-R 歐元
53T,鋒裕歐陸股票基金B2(美元)
53U,鋒裕核心歐洲股票基金B2(歐元)
53V,鋒裕核心歐洲股票基金B2(美元)
53W,鋒裕歐洲研究基金B2(歐元)
53X,鋒裕歐洲研究基金B2(美元)
53Y,鋒裕領先歐洲企業基金B2(歐元)
53Z,鋒裕領先歐洲企業基金B2(美元)
540,創利德(盧森堡)全球高收益與新興市場債券基金(美元)
541,天利(盧森堡)新興市場債券基金 (歐元)
542,創利德(盧森堡)全球高收益與新興市場債券基金(歐元)(歐元月配息)
543,天利(盧森堡)新興市場債券基金(美元配息)
544,創利德(盧森堡)美元短期債券基金(歐元避險)
545,天利(盧森堡)環球資產配置基金(歐元避險)
546,天利(盧森堡)全球焦點基金(歐元避險)
547,天利(盧森堡)北美基金(歐元避險)
548,創利德(盧森堡)美國中小型公司股票基金(歐元避險)
549,天利(盧森堡)美國選擇基金(歐元避險)
54A,鋒裕領先環球企業基金B2(歐元)
54B,鋒裕領先環球企業基金B2(美元)
54C,鋒裕美國小型企業基金B2(歐元)
54D,鋒裕美國小型企業基金B2(美元)
54E,鋒裕美國中型資本價值基金B2(歐元)
54F,鋒裕美國中型資本價值基金B2(美元)
54G,鋒裕美國價值基金B2(歐元)
54H,鋒裕美國價值基金B2(美元)
54I,鋒裕美國大型資本成長基金B2(美元)
54J,鋒裕美國鋒裕基金B2(美元)
54K,鋒裕日本股票基金B2(美元)
54L,鋒裕新興歐洲及地中海股票基金B2(歐元)
54M,鋒裕新興歐洲及地中海股票基金B2(美元)
54N,鋒裕歐洲小型企業基金B2(歐元)
54O,鋒裕歐洲小型企業基金B2(美元)
54P,鋒裕美國高息基金B2(美元)
54Q,鋒裕美國高息基金BXD配息(美元)
54R,鋒裕策略收益基金B2(美元)
54S,鋒裕策略收益基金BXD配息(美元)
54T,鋒裕環球趨勢基金B2(美元)
54U,鋒裕全球科技媒體通訊基金B2(歐元)
54V,鋒裕全球科技媒體通訊基金B2(美元)
54W,鋒裕環球高收益基金B2(美元)
54X,鋒裕環球高收益基金BXD配息(美元)
54Y,法國全球科技股票基金A股
54Z,法國興業歐元區價值股票基金A股
550,創利德(盧森堡)日本股票基金(歐元避險)
551,創利德(盧森堡)全球創新基金(歐元避險)
552,創利德(盧森堡)全球高收益與新興市場債券基金(歐元)(美元避險)
553,天利(盧森堡)-新興市場債券基金(歐元避險)
554,首域印度次大陸基金
555,盈信世界領先基金
556,首域亞洲創新科技基金
557,首域星馬增長基金
558,首域全球債券基金
559,首域優質債券基金(配息)
55A,法國興業世界債券基金A股
55B,法國興業歐洲高收益債券基金A股
55C,法國興業會聚歐洲債券基金A股
55D,富達新興亞洲基金(累積)-配權帳戶-歐元
55E,富達全球通膨連結債券基金(累積)-配權帳戶-美元
55F,貝萊德新興市場當地債券基金(歐元)
55G,貝萊德新興市場當地債券基金(美元)
55H,貝萊德新興市場當地債券基金(月配息)(歐元)
55I,貝萊德新興市場當地債券基金(月配息)(美元)
55J,貝萊德世界收益基金(歐元)
55K,貝萊德世界收益基金(美元)
55L,貝萊德世界收益基金(月配息)(歐元)
55M,貝萊德世界收益基金(月配息)(美元)
55N,(百元基金)施羅德中國優勢A1累積(美元)
55O,霸菱全球綜合債券基金
55P,法巴L1美元債券基金
55Q,富達全球通膨連結債券基金(累積)-配權帳戶-歐元避險
55R,富達新興市場基金-配權帳戶-美元
55S,法巴L1歐元債券基金(歐元)
55T,法巴L1歐元債券基金(配息)(歐元)
55U,施羅德歐洲收益股票A1配息(歐元)
55V,匯豐環球投資基金-亞太收益增長股票
55W,匯豐環球投資基金-韓國股票
55X,匯豐環球投資基金-巴西股票
55Y,富達歐洲高收益基金(A 股穩定月配)-配權帳戶-歐元
55Z,富達亞洲高收益基金(A 股穩定月配)-配權帳戶-美元
560,富達新興市場基金B股(美元)
561,富達美國基金B股
562,富達太平洋基金B股
563,富達日本基金B股(美元)
564,富達日本小型企業基金B股(美元)
565,富達澳洲基金B股
566,富達東南亞基金B股(美元)
567,富達歐洲基金B股(美元)
568,富達北歐基金B股(美元)
569,富達韓國基金B股
56A,法巴L1新興歐洲股票基金(美元)
56B,法巴L1新興歐洲股票基金(配息)(歐元)
56C,法巴L1歐洲股票基金(歐元)
56D,法巴L1俄羅斯股票基金(美元)
56E,法巴L1俄羅斯股票基金(年配息) (歐元)
56F,法巴L1全球金融股票基金(美元)
56G,法巴L1全球金融股票基金(配息)(歐元)
56H,法巴L1全球健康護理股票基金(美元)
56I,法巴L1全球科技股票基金 
56J,法巴L1全球公用事業股票基金(美元)
56K,法巴L1全球公用事業股票基金(配息)(歐元)
56L,法巴L1日本股票基金(美元)
56M,法巴L1拉丁美洲股票基金
56N,法巴L1歐洲小型股票基金
56O,法巴L1全球能源股票基金
56P,法巴L1全球低波動股票基金
56Q,法巴L1全球新興市場股票基金
56T,(未核備)NN(L)醫療保健基金
56U,東方匯理金礦基金AU(美元)
56V,東方匯理環球資源基金AU(美元)
56W,東方匯理歐元股票基金AE(歐元)
56X,東方匯理美國核心精選基金AU(美元)
56Y,東方匯理美元貨幣市場基金AU(美元)
56Z,東方匯理環球債券基金AU(美元)
570,富達歐洲小型企業基金B股(美元)
571,富達世界基金B股(美元)
572,富達美國成長基金B股(美元)
573,富達美元現金基金B股
574,富達歐元藍籌基金B股
575,富達歐盟50TM基金B股(美元)
576,富達科技基金B股(美元)
577,富達全球電訊基金B股(美元)
578,富達消費行業基金B股(美元)
579,富達金融服務基金B股(美元)
57A,法巴L1亞太高股息股票基金(配息)(歐元)
57B,富蘭克林坦伯頓全球美國中小成長基金B股
57C,富蘭克林坦伯頓全球美國機會基金B股
57D,富蘭克林坦伯頓全球穩定月收益基金B股(月配息)
57E,(百元基金)瀚亞亞洲當地貨幣債券基金A
57F,瀚亞歐洲投資等級債券基金A
57G,瀚亞泰國股票基金A 
57H,(百元基金)瀚亞印尼股票基金A 
57I,施羅德環球企業債券A1配息(美元)
57J,施羅德歐元企業債券A1配息(歐元)
57K,比利時聯合資產管理公司-全球商品及原物料基金
57L,比利時聯合資產管理公司-全球食品及民生消費基金
57M,比利時聯合資產管理公司-印度基金
57N,比利時聯合資產管理公司-拉丁美洲基金
57O,富蘭克林坦伯頓全球亞洲成長基金B股
57P,富蘭克林坦伯頓全球日本基金B股
57Q,富蘭克林坦伯頓全球金磚四國基金B股
57R,(百元基金)施羅德環球氣候變化策略A1累積(美元)
57S,施羅德環球氣候變化策略A1累積(歐元)
57T,(百元基金)施羅德新興市場股債優勢A1累積(美元)
57U,施羅德新興市場股債優勢A1累積(歐元)
57V,(百元基金)施羅德亞洲收益股票A1累積(美元)
57W,施羅德亞洲收益股票A1配息(美元)
57X,貝萊德美元高收益債券基金HEDGED A2(澳幣)
57Y,貝萊德美元高收益債券基金HEDGED A3(月配息)(澳幣)
57Z,貝萊德環球資產配置基金HEDGED A2(澳幣)
580,富達全球健康護理基金B股(美元)
581,富達全球工業基金B股
582,富達歐元債券基金B股(月配權)(美元)
583,富達美元債券基金B股(月配權)(美元)
584,富達歐洲高收益基金B股(月配權)(美元)
585,富達美元高收益基金B股(月配權)(美元)
586,聯博全球成長趨勢基金B股(美元)
587,聯博國際醫療基金B股(美元)
588,聯博國際科技基金B股(美元)
589,聯博美國成長基金B股(美元)
58A,百達-歐洲小型企業-R 歐元
58B,百達-新興歐洲-R 歐元
58C,百達-日本精選-R 日圓
58D,百達-日本精選-R 歐元
58E,百達-美國股票精選-R 美元
58F,百達-美國股票精選-R 歐元
58G,百達-保安-R 美元
58H,百達-保安-R 歐元
58I,法巴L1中國股票基金
58J,(百元基金)NN(L)亞洲債券基金X股(美元)
58K,法巴L1OBAM全球股票基金
58L,法巴L1新興市場當地貨幣債券基金
58M,鋒裕新興市場股票基金A2(歐元)
58N,鋒裕新興市場股票基金A2(美元)
58O,鋒裕亞洲股票(不含日本)基金A2(歐元)
58P,鋒裕亞洲股票(不含日本)基金A2(美元)
58Q,鋒裕新興市場股票基金B2(歐元)
58R,鋒裕新興市場股票基金B2(美元)
58S,鋒裕亞洲股票(不含日本)基金B2(美元)
58T,新加坡大華全球IPO基金(星幣)
58U,新加坡大華全球IPO基金(美元)
58V,新加坡大華全球資源基金(星幣)
58W,新加坡大華全球資源基金(美元)
58X,新加坡大華國際債券基金(星幣)
58Y,新加坡大華國際債券基金(美金)
58Z,新加坡大華泛華基金(星幣)
590,聯博民營自由化基金B股(美元)
591,聯博印度成長基金BX股
592,聯博新興市場成長基金B股(美元)
593,聯博美國小型公司基金 B股(美元)
594,聯博全球不動產證券基金B股
595,聯博美國高收益債券基金B2股(美元)
596,聯博美國收益基金BT股
597,聯博全球債券基金BT股(美元)
598,聯博全球高收益債券BT股(美元)
599,聯博全球債券基金B2股
59A,新加坡大華泛華基金(美元)
59B,新加坡大華亞太基礎建設基金(星幣)
59C,新加坡大華亞太基礎建設基金(美元)
59D,(百元基金)瀚亞美國優質債券基金ADM(月配息)
59E,瀚亞美國高收益債券基金ADM月配(美元)
59F,瀚亞美國特優級債券基金ADM月配(美元)
59G,瀚亞亞洲債券基金ADM月配(美元)
59H,瀚亞亞洲當地貨幣債券基金ADM(月配息)
59I,瀚亞歐洲投資等級債券基金AEDM月配(歐元)
59J,聯博印度成長基金B股
59K,富蘭克林坦伯頓全球美元短期票券基金B股
59L,聯博全球高收益債券基金BT股(歐元)
59M,聯博美國收益基金BT股(歐元)
59N,聯博全球債券基金BT股(歐元)
59O,聯博歐洲收益基金BT股(美元)
59P,亨德森遠見亞洲股息收益基金A3
59Q,富達亞太入息基金(半年配)-配權帳戶-美元
59R,貝萊德歐元儲備基金
59S,聯博歐洲收益基金B2股(歐元)
59T,聯博歐洲收益基金BT股(歐元)
59U,(百元基金)瀚亞中國股票基金A 
59V,(百元基金)瀚亞大中華股票基金A
59W,(百元基金)瀚亞香港股票基金A
59X,(百元基金)瀚亞美國複合收益債券基金
59Y,富達亞洲聚焦基金-配權帳戶-美元
59Z,富達大中華基金-配權帳戶-美元
600,聯博全球高收益債券基金B2股(美元)
601,聯博美國收益基金B2股
602,聯博全球平衡基金B2股(美元)
603,聯博房貸收益基金B2X股
604,聯博美國高收益債券基金BT股(美元)
605,新加坡大華東協基金(美元)
606,新加坡大華新加坡增長基金(美元)
607,新加坡大華日本成長基金(美元)
608,新加坡大華歐洲股票基金(美元)
609,新加坡大華亞太經合投資基金(美金)
60A,全盛美國密集成長基金A1
60B,全盛美國中型資本成長基金A1
60C,全盛美國研究基金A1
60D,全盛美國價值基金A1
60E,全盛全球研究基金A1
60F,全盛全球研究基金A1
60G,全盛歐洲研究基金A1
60H,全盛歐洲小型公司基金A1
60I,全盛歐洲價值基金A1
60J,全盛全球股票基金A1
60K,全盛全球股票基金A1
60L,全盛全球資產配置基金A1
60M,全盛全球資產配置基金A1
60N,全盛美國政府債券基金A1
60O,全盛美國政府債券基金A2
60P,全盛全球多元資產基金A1
60Q,全盛全球多元資產基金A2
60R,全盛絕對報酬基金A1
60S,全盛歐洲債券基金A2
60T,全盛有限償還期基金A1
60U,全盛有限償還期基金A2
60V,全盛全球高收益基金 A1
60W,全盛全球高收益基金A2
60X,全盛歐元高收益債券基金A1
60Y,全盛歐元高收益債券基金A2
60Z,全盛新興市場債券基金A1
610,新加坡大華亞太增長基金(美元)
611,新加坡大華全球金融基金(美元)
612,新加坡大華國際成長基金(美元)
613,新加坡大華全球科技基金(美元)
614,新加坡大華東協基金(星幣)
615,新加坡大華新加坡增長基金(星幣)
616,新加坡大華日本成長基金(星幣)
617,新加坡大華歐洲股票基金(星幣)
618,新加坡大華亞太經合投資基金(星幣)
619,新加坡大華亞太增長基金(星幣)
61A,全盛新興市場債券基金A1
61B,全盛新興市場債券基金A2
61C,全盛新興市場債券基金A2
61D,全盛通貨膨脹調整債券基金A1
61E,全盛通貨膨脹調整債券基金A2
61F,全盛美元貨幣基金A1
61G,NN(L)亞洲債券基金X股(月配)(美元)
61H,(百元基金)NN(L)科技基金X股(美元)
61I,NN(L)科技基金X股(歐元)
61J,(百元基金)施羅德金磚四國A1累積(美元)
61K,施羅德金磚四國A1累積(歐元)
61L,(百元基金)施羅德大中華A1累積(美元)
61M,(百元基金)施羅德中東海灣A1累積(美元)
61N,施羅德中東海灣A1累積(歐元)
61O,富達中國聚焦基金(年配)-配權帳戶-美元
61P,富達中國聚焦基金(累積)-配權帳戶-歐元
61Q,富達亞洲高收益基金(累積)-配權帳戶-歐元
61R,富達亞洲高收益基金(累積)-配權帳戶-美元
61S,富達亞洲高收益基金(A股月配)-配權帳戶-美元
61T,亨德森遠見美國股票基金(年配息)
61U,亨德森遠見美國增長基金(累積)
61V,霸菱亞洲平衡基金(美元)
61W,霸菱亞洲平衡基金(季配息)(美元)
61X,聯博新興市場債券基金BT股(美元)
61Y,聯博新興市場債券基金B2股(美元)
61Z,聯博新興市場債券基金B2股(歐元)
620,新加坡大華全球金融基金(星幣)
621,新加坡大華國際成長基金(星幣)
622,新加坡大華全球科技基金(星幣)
623,紐約梅隆環球股票投資基金(美元)
624,紐約梅隆環球股票投資基金(歐元)
625,邁倫創新產業股票基金(美元)
626,邁倫創新產業股票基金(歐元)
627,紐約梅隆全球積極投資組合基金(美元)
628,紐約梅隆全球積極投資組合基金(歐元)
629,紐約梅隆歐洲大陸股票投資基金(美元)
62A,聯博中國時機基金B股(美元)
62B,聯博中國時機基金B股(歐元)
62C,聯博日本策略價值基金B股(日元)
62D,聯博日本策略價值基金B股(美元)
62E,聯博日本策略價值基金B股(歐元)
62F,全盛歐元高收益債券基金A1
62G,全盛歐元高收益債券基金A2
62H,富蘭克林坦伯頓全球精選收益基金B股(月配息)
62I,匯豐環球投資基金-亞洲股票(日本除外)
62J,匯豐環球投資基金-新興四國市場股票
62K,匯豐環球投資基金-中國股票
62L,匯豐環球投資基金-全球股票氣候變化概念
62M,匯豐環球投資基金-俄羅斯股票
62N,富蘭克林坦伯頓全球新興國家固定收益基金B股(月配息)
62O,富蘭克林坦伯頓全球歐洲高收益基金B股(月配息)-歐元
62P,法巴L1亞洲(日本除外)股票基金(歐元)
62Q,法巴L1印尼股票基金(美元)
62R,先機中國基金A股(美元)
62S,聯博全球高收益債券基金B2股(歐元避險)
62T,聯博全球高收益債券基金BT股(歐元避險)
62U,(百元基金)NN(L)銀行及保險基金X股(美元)
62V,ING(L)生物科技投資基金
62W,NN(L)歐洲新興市場股票基金X股(歐元)
62X,ING(L)新興市場投資基金
62Y,NN(L)歐元高股息基金X股(歐元)
62Z,NN(L)歐洲股票基金X股(歐元)
630,紐約梅隆歐洲大陸股票投資基金(歐元)
631,紐約梅隆泛歐股票投資基金(美元)
632,紐約梅隆泛歐股票投資基金(歐元)
633,邁倫美國股票基金(美元)
634,邁倫美國股票基金(歐元)
635,紐約梅隆日本股票投資基金(美元)
636,紐約梅隆日本股票投資基金(歐元)
637,紐約梅隆英國股票投資基金(歐元)
638,紐約梅隆英國股票投資基金(英鎊)
639,紐約梅隆環球債券投資基金(美元)
63A,ING(L)環球品牌投資基金
63B,NN(L)環球高股息基金X股(歐元)
63C,(百元基金)NN(L)原物料基金X股(美元)
63D,NN(L)原物料基金X股(歐元)
63E,(百元基金)NN(L)拉丁美洲股票基金X股(美元)
63F,(百元基金)NN(L)能源基金X股(美元)
63G,NN(L)能源基金X股(歐元)
63H,NN(L)環球高收益基金X股(歐元對沖)
63I,NN(L)環球高收益基金X股(月配)(歐元對沖)
63J,聯博前瞻主題基金B股(美元)
63K,聯博前瞻主題基金B股(歐元)
63L,(百元基金)瀚亞中印股票基金A
63M,(百元基金)瀚亞拉丁美洲股票基金A 
63N,(百元基金)瀚亞印度股票基金A
63O,(百元基金)瀚亞亞太基礎建設股票基金A
63P,(百元基金)瀚亞亞洲股票基金A
63Q,施羅德環球企業債券A1累積(歐元對沖)
63R,貝萊德多元資產基金HEDGED A2(美元)
63S,貝萊德亞洲巨龍基金A2(歐元)
63T,貝萊德亞洲巨龍基金A2(英鎊)
63U,(百元基金)貝萊德亞洲巨龍基金A2(美元)
63V,貝萊德新興市場債券基金A2(歐元)
63W,(百元基金)貝萊德新興市場債券基金A2(美元)
63X,貝萊德新興市場債券基金A3(歐元)
63Y,貝萊德新興市場債券基金A3(美元)
63Z,(百元基金)貝萊德中國基金A2(美元)
640,紐約梅隆環球債券投資基金(歐元)
641,紐約梅隆英鎊債券投資基金(歐元)
642,紐約梅隆英鎊債券投資基金(英鎊)
643,鋒裕歐陸股票基金A2(美元)
644,鋒裕核心歐洲股票基金A2(美元)
645,鋒裕歐洲研究基金A2(美元)
646,鋒裕領先歐洲企業基金A2(美元)
647,鋒裕美國研究基金A2(美元)
648,鋒裕日本股票基金A2(美元)
649,鋒裕領先環球企業基金A2(美元)
64A,貝萊德中國基金HEDGED A2(歐元)
64B,貝萊德環球企業債券基金A2(美元)
64C,貝萊德環球企業債券基金HEDGED A2(歐元)
64D,貝萊德世界債券基金A2(美元)
64E,貝萊德世界債券基金A3(月配息)(美元)
64F,貝萊德世界債券基金HEDGED A2(歐元)
64G,富達新興市場債券基金(月配權)-配權帳戶-美元
64H,富達新興市場債券基金(月配權)-配權帳戶-歐元
64I,施羅德新興市場債券A1配息(澳幣對沖)
64J,(百元基金)NN(L)環球高收益基金X股(美元)
64K,NN(L)環球高收益基金X股(月配)(美元)
64L,聯博美國成長基金B股(歐元避險)
64M,聯博新興市場債券基金Ｂ２股(歐元避險)
64N,聯博新興市場債券基金BT股(歐元避險)
64O,聯博全球債券基金Ｂ２股(歐元避險)
64P,聯博全球債券基金BT股(歐元避險)
64Q,聯博新興市場債券基金BT股(澳幣避險)
64R,聯博新興市場成長基金Ｂ股(澳幣避險)
64S,聯博美國收益基金BT股(澳幣避險)
64T,富達亞洲成長趨勢基金-配權帳戶-美元
64U,(百元基金)施羅德環球高收益A1累積(美元)
64V,施羅德環球高收益A1配息(美元)
64W,施羅德環球高收益A1累積(歐元對沖)
64X,施羅德亞洲小型公司A1累積(美元)
64Y,天利(盧森堡)美國選擇基金(美元)
64Z,瀚亞美國複合收益債券基金(月配息)
650,鋒裕歐洲小型企業基金A2(美元)
651,鋒裕新興歐洲及地中海股票基金A2(美元)
652,鋒裕美國中型資本價值基金A2(美元)
653,鋒裕美國小型企業基金A2(美元)
654,鋒裕美國鋒裕基金A2(美元)
655,鋒裕美國價值基金A2(美元)
656,鋒裕美國大型資本成長基金A2(美元)
657,鋒裕核心歐洲股票基金A2(歐元)
658,鋒裕歐陸股票基金A2(歐元)
659,鋒裕歐洲小型企業基金A2(歐元)
65A,富達美元高收益基金(A股穩定月配)-配權帳戶-美元
65B,瑞銀(瑞士) 新興亞洲股票基金(美元)
65C,瑞銀(瑞士) 拉丁美洲股票基金(美元)
65D,瑞銀(瑞士) 全球原物料股票基金(美元)
65E,施羅德環球高收益A1-配息(澳幣對沖)
65F,施羅德環球企業債券A1配息(澳幣對沖)
65G,富達亞洲成長趨勢基金(累積)-配權帳戶-美元
65H,富達亞洲成長趨勢基金(累積)-配權帳戶-歐元
65I,富達新興歐非中東基金-配權帳戶-美元
65J,富達新興歐非中東基金-配權帳戶-歐元
65K,富達新興歐非中東基金(累積)-配權帳戶-美元
65L,富達新興歐非中東基金(累積)-配權帳戶-歐元
65M,富達全球優勢產業基金-配權帳戶-美元
65N,富達全球優勢產業基金-配權帳戶-歐元
65O,富達全球優勢產業基金(累積)-配權帳戶-歐元
65P,法巴L1亞洲(日本除外)債券基金(月配息)
65Q,法巴L1全球新興市場精選債券基金(月配息)(美元)
65R,法巴L1全球高收益債券基金(月配息)(美元)
65S,鋒裕歐洲潛力基金A2(美元)
65T,鋒裕歐洲潛力基金A2(歐元)
65U,(百元基金)施羅德香港股票A1累積(美元)
65V,法巴L1亞洲(日本除外)精選股票基金(歐元)
65W,鋒裕環球精選基金A2(美元)
65X,法巴L1新興市場當地貨幣債券基金(月配息)(美元)
65Y,鋒裕歐洲潛力基金B2(美元) 
65Z,(百元基金)NN(L)大中華股票基金X股(美元)
660,鋒裕歐洲研究基金A2(歐元)
661,鋒裕領先歐洲企業基金A2(歐元)
662,鋒裕領先環球企業基金A2(歐元)
663,鋒裕美國研究基金A2(歐元)
664,鋒裕日本股票基金A2(歐元)
665,鋒裕新興歐洲及地中海股票基金A2(歐元)
666,鋒裕美國中型資本價值基金A2(歐元)
667,鋒裕美國小型企業基金A2(歐元)
668,鋒裕美國鋒裕基金A2(歐元)
669,鋒裕美國價值基金A2(歐元)
66A,法巴百利達歐元債券基金 C (歐元)
66B,法巴百利達歐洲小型股票基金 C (歐元)
66C,(百元基金)NN(L)亞洲收益基金X股(美元)
66D,法巴百利達拉丁美洲股票基金 C (美元)
66E,富蘭克林坦伯頓全球全球核心策略基金B股
66F,富蘭克林坦伯頓全球互利全球領航基金B股
66G,KBC全球金融基金
66H,KBC未來趨勢基金
66I,富蘭克林坦伯頓全球歐洲高收益基金B股(月配息)
66J,富蘭克林坦伯頓全球天然資源基金B股
66K,富蘭克林坦伯頓全球大中華基金B股
66L,(百元基金)施羅德環球可轉換債券A1累積(美金)
66M,施羅德環球可轉換債券A1累積(歐元對沖)
66N,(百元基金)施羅德環球計量優勢股票A1累積(美元)
66O,施羅德環球計量優勢股票A1累積(歐元)
66P,鋒裕美元綜合債券基金A2(歐元)
66Q,鋒裕美元綜合債券基金A2(美元)
66R,鋒裕美元綜合債券基金AXD配息(美元)
66S,鋒裕美元短期債券基金A2(歐元)
66T,鋒裕美元短期債券基金A2(美元)
66U,鋒裕美元綜合債券基金B2(美元)
66V,鋒裕美元綜合債券基金BXD配息(美元)
66W,鋒裕美元短期債券基金B2
66X,(未核備)NN(L)精品基金
66Y,(百元基金)NN(L)食品飲料基金X股(美元)
66Z,NN(L)食品飲料基金X股(歐元)
670,鋒裕美國大型資本成長基金A2(歐元)
671,鋒裕美國高息基金A2(美元)
672,鋒裕多元貨幣策略基金A2(美元)
673,鋒裕美國高息基金A2(歐元)
674,鋒裕多元貨幣策略基金A2(歐元)
675,鋒裕美國高息基金AXD配息(美元)
676,鋒裕策略收益基金A2(美元)
677,鋒裕策略收益基金AXD配息(美元)
678,鋒裕策略收益基金A2(歐元)
679,貝萊德美國精選價值型基金(歐元)
67A,施羅德環球進取股票A1累積(歐元)
67B,(百元基金)施羅德亞洲可轉換債券A1累積(美元)
67C,施羅德亞洲可轉換債券A1累積(歐元對沖)
67D,先機環球策略債券基金A(類收益股)(美元)
67E,全盛全球高收益基金A2
67F,(百元基金)瀚亞亞太股票基金A 
67G,(百元基金)瀚亞優質公司債基金A
67H,瀚亞優質公司債基金ADM(月配息)
67I,法巴百利達美元短期債券基金(美元)
67J,法巴百利達美國高收益債券基金/月配 (美元)
67K,法巴百利達亞洲可換股債券基金/月配 (美元)
67L,首域大中華增長基金
67M,首域中國核心基金
67N,首域亞洲增長基金
67O,瑞萬通博基金-新興東歐債券基金C(歐元)
67P,瑞萬通博基金-新興東歐債券基金AM(月配)(歐元)
67Q,瑞萬通博基金-新興東歐債券基金AM(月配)(美元)
67R,瑞萬通博基金-新興市場股票基金C(美元)
67S,瑞萬通博基金-遠東股票基金C(美元)
67T,瑞萬通博基金-未來資源基金C(歐元)
67U,瑞萬通博基金-未來資源基金C(美元)
67V,瑞萬通博基金-美國價值股票基金C(美元)
67W,NN(L)能源基金Y股(美元)
67X,NN(L)大中華股票基金Y股(美元)
67Y,NN(L)拉丁美洲股票基金Y股(美元)
67Z,NN(L)原物料基金Y股(美元)
680,貝萊德美國增長型基金(歐元)
681,貝萊德美國小型企業價值型基金(歐元)
682,景泰本州新路基金
683,景順日本第三市場基金
684,景順香港基金
685,景泰亞洲小型公司基金
686,景泰澳洲小型公司基金
687,景順美國小型公司基金
688,NN(L)全球機會股票基金X股(歐元)
689,(百元基金)NN(L)全球機會股票基金X股(美元)
68A,NN(L)投資級公司債基金Y股(月配)(美元)
68B,NN(L)亞洲債券基金Y股(月配)(美元)
68C,NN(L)新興市場債券基金Y股(月配)(美元)
68D,NN(L)環球高收益基金Y股(月配)(歐元對沖)
68E,NN(L)環球高收益基金Y股(月配)(美元)
68F,貝萊德亞洲老虎債券基金A6(穩定配息)(美元)
68G,貝萊德環球高收益債券基金A6(穩定配息)(美元)
68H,貝萊德新興市場債券基金A6(穩定配息)(美元)
68I,貝萊德環球企業債券基金A6(穩定配息)(美元)
68J,富達中國內需消費基金(累積)-配權帳戶-美元
68K,富達中國內需消費基金(累積)-配權帳戶-歐元
68L,施羅德歐洲大型股A
68M,鋒裕新興市場債券基金A2累積(歐元)
68N,鋒裕新興市場債券基金A2累積(美元) 
68O,鋒裕新興市場債券基金AXD配息(美元)
68P,NN(L)投資級公司債基金X股(月配)(澳幣對沖)
68Q,NN(L)亞洲債券基金X股(月配)(澳幣對沖)
68R,NN(L)新興市場債券基金X股(月配)(澳幣對沖)
68S,NN(L)環球高收益基金X股(月配)(澳幣對沖)
68T,NN(L)新興市場債券基金Y股(歐元對沖)
68U,(未核備)NN(L)新興高股息基金
68V,貝萊德全球股票收益基金A6(穩定配息)(美元)
68W,法巴百利達全球環境股票基金 C(美元)
68X,瀚亞美國高收益債券基金AADM月配(澳幣避險)
68Y,NN(L)環球高收益基金Y股(月配)(澳幣對沖)
68Z,NN(L)新興市場債券基金Y股(月配)(澳幣對沖)
690,(百元基金)NN(L)美國高股息基金X股(美元)
691,景順中國基金A(年配)(美元)
692,美國運通歐洲均衡基金(歐元)
693,美國運通歐洲均衡基金(美元)
694,匯豐五福全球債券組合基金
695,NN(L)美國高股息基金X股(歐元對沖)
696,(百元基金)NN(L)投資級公司債基金X股(美元)
697,(百元基金)施羅德新興歐洲A1(累積)(美元)
698,(百元基金)施羅德歐洲小型公司A1(累積)(美元)
699,施羅德日本小型公司A1(累積)(歐元)
69A,富蘭克林坦伯頓全球亞洲小型企業基金B股(美元)
69B,富達亞太入息基金 (A股F1穩定月配)-配權帳戶-美元
69C,貝萊德環球企業債券基金A8穩定月配息股份(澳幣避險)
69D,貝萊德亞洲老虎債券基金A8穩定月配息股份(澳幣避險)
69E,貝萊德美元高收益債券基金A8穩定月配息股份(澳幣避險)
69F,貝萊德環球高收益債券基金A8穩定月配息股份(澳幣避險)
69G,貝萊德新興市場債券基金A8穩定月配息股份(澳幣避險)
69H,富蘭克林坦伯頓全球全球債券總報酬基金B股(月配息)(美元)
69I,瀚亞美國高收益債券基金AZDM月配(南非幣避險) 
69J,瀚亞優質公司債基金ADMC1穩定月配(美元)
69K,瀚亞優質公司債基金AADMC1穩定月配(澳幣避險)
69L,瀚亞優質公司債基金AZDMC1穩定月配(南非幣避險)
69M,富蘭克林坦伯頓全球全球債券總報酬基金B股(累積)(美元)
69N,法巴百利達亞洲(日本除外)債券基金 C (美元)
69O,法巴百利達亞洲(日本除外)債券基金/月配 (美元)
69P,法巴百利達全球新興市場精選債券基金 RH (歐元)
69Q,法巴百利達全球新興市場精選債券基金/年配 RH (歐元)
69R,法巴百利達全球新興市場精選債券基金 C (美元)
69S,法巴百利達全球新興市場精選債券基金/月配 (美元)
69T,法巴百利達美元債券基金 C (美元)
69U,法巴百利達新興市場當地貨幣債券基金 C (美元)
69V,法巴百利達新興市場當地貨幣債券基金/月配 (美元)
69W,法巴百利達全球高收益債券基金 H (美元)
69X,法巴百利達全球高收益債券基金/年配H 美元
69Y,法巴百利達全球高收益債券基金 C (歐元)
69Z,法巴百利達全球高收益債券基金/月配 (美元)
700,(百元基金)施羅德日本小型公司A1(累積)(美元)
701,施羅德新興亞洲A1(累積)(歐元)
702,施羅德新興市場A1(累積)(歐元)
703,施羅德拉丁美洲A1累積(歐元)
704,匯豐環球投資基金-歐元區股票
705,匯豐環球歐洲收益增長股票基金
706,NN(L)投資級公司債基金X股(月配)(美元)
707,匯豐環球投資基金-環球新興市場債券
708,富蘭克林坦伯頓全球全球股票收益B股基金(美元)
709,富蘭克林坦伯頓全球高價差基金B股
70A,法巴百利達亞洲(日本除外)精選股票基金 C (歐元)
70B,法巴百利達中國股票基金 C (美元)
70C,法巴百利達新興歐洲股票基金 C (美元)
70D,法巴百利達新興歐洲股票基金/年配 (歐元)
70E,法巴百利達亞太高股息股票基金 C (美元)
70F,法巴百利達亞太高股息股票基金/年配 (歐元)
70G,法巴百利達印尼股票基金 C (美元)
70H,法巴百利達俄羅斯股票基金 C (美元)
70I,法巴百利達俄羅斯股票基金/年配 (歐元)
70J,法巴百利達美國增長股票基金 C (美元)
70K,法巴百利達全球新興市場股票基金 C (美元)
70L,法巴百利達全球能源股票基金 C (美元)
70M,法巴百利達全球金融股票基金 C (美元)
70N,法巴百利達全球金融股票基金/年配 (歐元)
70O,法巴百利達全球健康護理股票基金 C (美元)
70P,法巴百利達優化波動全球股票基金(美元)
70Q,法巴百利達全球原物料股票基金 C (美元)
70R,法巴百利達全球原物料股票基金/年配 (歐元)
70S,法巴百利達全球科技股票基金 C (美元)
70T,法巴百利達全球公用事業股票基金 C (美元)
70U,法巴百利達全球公用事業股票基金/年配 (歐元)
70V,法巴百利達美國智取基金 C (美元)
70W,法巴百利達美國智取基金/年配 (美元)
70X,法巴百利達優化波動全球股票基金 (歐元)
70Y,法巴百利達優化波動全球股票基金年配 (歐元)
70Z,法巴百利達優化波動全球股票基金年配 (美元)
710,富蘭克林坦伯頓全球互利歐洲基金B股(美元)
711,美林環球股票基金(配息)(美元)
712,貝萊德環球股票基金(歐元)
713,(百元基金)貝萊德環球股票基金(美元)
714,貝萊德日本基金(日圓)
715,貝萊德日本特別時機基金(日圓)
716,荷銀全球增值基金(歐元)
717,荷銀全球增值基金(美元)
718,荷銀社會及環保貢獻基金(歐元)
719,法巴L1全球社會責任股票基金(美元)
71A,法巴百利達亞洲(日本除外)精選股票基金 C (美元)
71B,NN(L)環球高收益基金Y股(美元)
71C,NN(L)新興市場債券基金Y股(美元)
71D,富達美元高收益基金(F1穩定月配息)-配權帳戶-美元
71E,富達歐洲高收益基金(F1穩定月配息)-配權帳戶-歐元
71F,富達亞洲高收益基金(F1穩定月配息)-配權帳戶-美元
71G,富達新興市場債券基金(F1穩定月配息)-配權帳戶-美元
71H,富達歐洲高收益基金(A股月配)-配權帳戶-美元避險
71I,東方匯理系列基金全球通膨連結債券基金SE(歐元)
71J,東方匯理系列基金全球通膨連結債券基金SHU(美元避險)
71K,東方匯理系列基金全球農業基金AE(歐元)
71L,東方匯理系列基金全球農業基金AU(美元)
71M,富達全球消費行業基金(累積)-配權帳戶-美元
71N,聯博全球高收益債券基金BT股澳幣避險
71O,貝萊德全球股票收益基金A8穩定月配息股份(澳幣避險)
71P,貝萊德日本特別時機基金HEDGED A2(歐元)
71Q,(百元基金)貝萊德日本特別時機基金HEDGED A2(美元)
71R,NN(L)美國高股息基金Y股(美元)
71S,富達全球入息基金(累積)-配權帳戶-美元
71T,富達全球入息基金(累積)-配權帳戶-歐元避險
71U,富達美國基金(累積)-配權帳戶-澳幣避險
71V,富達全球金融服務基金-配權帳戶-美元
71W,NN(L)美國高股息基金X股(月配)(美元)
71X,NN(L)美國高股息基金X股(月配)(澳幣對沖)
71Y,NN(L)美國高股息基金X股(月配)(南非幣對沖)
71Z,富達美元高收益基金(A股月配息)-配權帳戶-澳幣避險
720,荷銀東歐股票基金(歐元)
721,荷銀東歐股票基金(美元)
722,荷銀東歐股票基金(歐元配息)
723,荷銀東歐股票基金(美元配息)
724,荷銀金融基金(歐元)
725,荷銀金融基金(美元)
726,荷銀金融基金(歐元配息)
727,荷銀金融基金(美元配息)
728,荷銀公用事業基金(歐元)
729,荷銀公用事業基金(美元)
72A,NN(L)環球高股息基金X股(月配)(美元)
72B,NN(L)環球高股息基金X股(月配)(澳幣對沖)
72C,聯博全球高收益債券基金BA(穩定月配)級別美元
72D,聯博全球高收益債券基金BA(穩定月配)澳幣避險級別
72E,聯博歐洲收益基金BA(穩定月配)級別歐元 
72F,聯博歐洲收益基金BA(穩定月配)澳幣避險級別 
72G,聯博歐洲收益基金BA(穩定月配)美元避險級別 
72H,聯博美國收益基金BA(穩定月配)級別美元
72I,聯博美國收益基金BA(穩定月配)澳幣避險級別
72J,聯博新興市場債券基金BA(穩定月配)級別美元
72K,聯博新興市場債券基金BA(穩定月配)澳幣避險級別 
72L,聯博全球債券基金BA(穩定月配)級別美元
72M,聯博全球債券基金BA(穩定月配)澳幣避險級別
72O,貝萊德環球債券特別時機基金A2(美元)
72P,貝萊德環球債券特別時機基金A3(歐元)
72Q,貝萊德環球債券特別時機基金A3(美元)
72S,富達全球入息基金( A股H月配息)-配權帳戶-澳幣避險
72T,鋒裕環球生態基金A2(美元)
72U,鋒裕環球生態基金A2(歐元)
72V,鋒裕環球生態基金B2(美元)
72W,瀚亞美國高收益債券基金ANDM月配(紐幣避險)
72X,瀚亞美國高收益債券基金ADMC1穩定月配(美元)
72Y,瀚亞美國高收益債券基金AADMC1穩定月配(澳幣避險)
72Z,瀚亞美國高收益債券基金AZDMC1穩定月配(南非幣避險)
730,荷銀公用事業基金(歐元配息)
731,荷銀公用事業基金(美元配息)
732,法巴L1歐洲智取基金(歐元)
733,法巴L1防衛組合基金1(歐元)
734,荷銀防衛組合基金(美元)
735,法巴L1保守組合基金2(歐元)
736,荷銀保守組合基金(美元)
737,法巴L1溫和組合基金3(歐元)
738,荷銀溫和組合基金(美元)
739,法巴L1均衡組合基金4(歐元)
73A,瀚亞美國高收益債券基金ANDMC1穩定月配(紐幣避險)
73B,富達歐洲基金(累積)-配權帳戶-美元避險
73C,富達歐洲小型企業基金(累積)-配權帳戶-美元避險
73D,富達日本小型企業基金(累積)-配權帳戶-美元避險
73E,NN(L)歐元高股息基金X股(月配)(歐元)
73F,NN(L)歐元高股息基金X股(月配)(澳幣對沖)
73G,(百元基金)貝萊德亞太股票收益基金 A2(美元)
73H,貝萊德亞太股票收益基金A6(穩定配息)(美元)
73I,貝萊德亞太股票收益基金A8穩定月配息(澳幣避險)
73J,聯博全球高收益債券基金BA(穩定月配)南非幣避險級別
73K,聯博美國收益基金BA(穩定月配)南非幣避險級別
73L,聯博新興市場債券基金BA(穩定月配)南非幣避險級別
73M,瀚亞亞洲債券基金AZDM月配(南非幣避險)
73N,瀚亞亞洲當地貨幣債券基金AZDM月配(南非幣避險)
73O,瀚亞全球價值股票基金ADMC1穩定月配(美元)
73P,瀚亞全球價值股票基金AADMC1穩定月配(澳幣避險)
73Q,瀚亞全球價值股票基金AZDMC1穩定月配(南非幣避險)
73R,瀚亞全球價值股票基金ANDMC1穩定月配(紐幣避險)
73S,富達中國內需消費基金(累積)-配權帳戶-澳幣避險
73T,富達東協基金(累積)-配權帳戶-澳幣避險
73U,富達亞洲高收益基金(A股H月配息)-配權帳戶-澳幣避險
73V,富達歐洲平衡基金(累積)-配權帳戶-美元避險
73W,富達德國基金(累積)-配權帳戶-美元避險
73X,南方神州人民幣基金(半年配息)(本基金未經本國主管機關核准)
73Y,南方龍騰中國新平衡機會基金(累積)(美元)(本基金未經本國主管機關核准)
73Z,南方龍騰中國新平衡機會基金(累積)(港幣)(本基金未經本國主管機關核准)
740,荷銀均衡組合基金(美元)
741,法巴L1增長組合基金5(歐元)
742,荷銀增長組合基金(美元)
743,法巴L1進取組合基金6(歐元)
744,荷銀進取組合基金(美元)
745,法巴L1美國智取基金
746,法巴L1美國智取基金(年配息)(美元)
747,法巴L1全球新興市場精選債券基金(歐元)
748,法巴L1全球新興市場精選債券基金(年配息)(歐元)
749,法巴L1全球新興市場精選債券基金(美元)
74A,南方龍騰人民幣高收益債券基金(年配息)(美元)(本基金未經本國主管機關核准)
74B,南方龍騰人民幣高收益債券基金(年配息)(歐元)(本基金未經本國主管機關核准)
74C,南方龍騰人民幣高收益債券基金(年配息)(歐元對沖)(本基金未經本國主管機關核准)
74D,南方龍騰人民幣高收益債券基金(年配息)(人民幣)(本基金未經本國主管機關核准)
74E,貝萊德亞洲老虎債券基金A8穩定月配息(南非幣避險)
74F,貝萊德環球高收益債券基金A8穩定月配息(南非幣避險)
74G,貝萊德美元高收益債券基金A8穩定月配息(南非幣避險)
74H,貝萊德亞洲巨龍基金HEDGED A2(澳幣)
74I,貝萊德中國基金HEDGED A2(澳幣)
74J,貝萊德環球小型企業基金HEDGED A2(澳幣)
74K,貝萊德拉丁美洲基金HEDGED A2(澳幣)
74L,貝萊德世界能源基金HEDGED A2(澳幣)
74M,貝萊德美國特別時機基金HEDGED A2(澳幣)
74N,貝萊德世界黃金基金HEDGED A2(澳幣)
74O,貝萊德世界健康科學基金HEDGED A2(澳幣)
74P,貝萊德世界礦業基金HEDGED A2(澳幣)
74Q,貝萊德歐洲基金HEDGED A2(澳幣)
74R,貝萊德歐洲基金HEDGED A2(紐西蘭幣)
74S,貝萊德歐洲價值型基金HEDGED A2(澳幣)
74T,(百元基金)貝萊德歐洲價值型基金HEDGED A2(美元)
74U,貝萊德歐洲特別時機基金HEDGED A2(澳幣)
74V,貝萊德歐洲特別時機基金HEDGED A2(紐西蘭幣)
74W,聯博全球價值型基金BD股美元
74X,聯博美國成長基金BD股美元
74Y,NN(L)美國高股息基金Y股(月配)(美元)
74Z,NN(L)環球高股息基金Y股(月配)(美元)
750,法巴L1全球新興市場精選債券基金(月配息)(美元)
751,荷銀高收益債券基金
752,荷銀高收益債券基金(配息)
753,荷銀優先證券基金
754,荷銀優先證券基金(配息)
755,(百元基金)NN(L)歐洲新興市場股票基金X股(美元)
756,施羅德日本優勢(日圓)
757,聯博成熟市場多元收益基金B2X股(歐元)
758,聯博成熟市場多元收益基金B2X股(美元)
759,聯博動態多元化基金BX股(歐元)
75A,NN(L)歐元高股息基金Y股(月配)(美元對沖)
75B,NN(L)歐元高股息基金X股(月配)(美元對沖)
75C,法巴百利達新興歐洲股票基金 C (美元)
75D,(百元基金)瀚亞亞洲股票收益基金A(美元)
75E,瀚亞亞洲股票收益基金ADMC1穩定月配(美元)
75F,瀚亞亞洲股票收益基金ADMC1穩定月配(澳幣避險)
75G,瀚亞亞洲股票收益基金AZDMC1穩定月配(南非幣避險)
75H,瀚亞亞洲股票收益基金ANDMC1穩定月配(紐幣避險)
75I,(百元基金)瀚亞全球新興市場債券基金 A
75J,瀚亞全球新興市場債券基金ADMC1穩定月配(美元)
75K,瀚亞全球新興市場債券基金AADMC1穩定月配(澳幣避險)
75L,瀚亞全球新興市場債券基金AZDMC1穩定月配(南非幣避險)
75M,瀚亞全球新興市場債券基金ANDMC1穩定月配(紐幣避險)
75N,富達歐洲入息基金(累積)-配權帳戶-歐元
75O,富達歐洲入息基金(A股F1穩定月配息)-配權帳戶-歐元
75P,富達歐洲入息基金(A股F1穩定月配息)-配權帳戶-美元避險
75Q,百達-全球高息精選基金-R美元
75R,百達-全球高息精選基金(月配息)-R美元
75S,百達-全球高息精選基金(月配息)-HR澳幣
75T,百達-全球高息精選基金(月配息)-HR南非幣
75U,鋒裕新興市場當地貨幣債券基金A2(美元)
75V,鋒裕新興市場當地貨幣債券基金AXD配息(美元)
75W,鋒裕新興市場當地貨幣債券基金A2(歐元)
75X,鋒裕新興市場當地貨幣債券基金BXD配息(美元)
75Y,法巴百利達美國價值股票基金 C (美元)
75Z,法巴百利達美國價值股票基金/年配 (美元)
760,聯博動態多元化基金B股(美元)
761,聯博全球複合型股票基金B股(歐元)
762,聯博全球複合型股票基金B股(美元)
763,聯博全球價值型基金B股(歐元)
764,聯博全球價值型基金B股(美元)
765,聯博歐洲股票基金B股(歐元)
766,聯博歐洲股票基金B股(美元)
767,(百元基金)施羅德環球計量精選價值A1(累積)(美元)
768,(百元基金)施羅德美國中小型股票A1(累積)(美元)
769,(百元基金)施羅德環球小型公司A1累積(美元)
76A,聯博全球價值型基金BD股南非幣避險
76B,聯博全球價值型基金BD股澳幣避險
76C,聯博房貸收益基金BA(穩定月配)南非幣避險級別
76D,聯博房貸收益基金BA(穩定月配)級別美元
76E,聯博房貸收益基金BA(穩定月配)澳幣避險級別
76F,(百元基金)貝萊德全球股票收益基金 A2(美元)
76G,博時人民幣債券基金(本基金未經本國主管機關核准)
76H,富達亞太入息基金(A股H月配)-配權帳戶-澳幣避險
76I,富達歐洲入息基金(A股H月配)-配權帳戶-澳幣避險
76J,聯博亞洲股票基金BD月配澳幣避險級別
76K,聯博亞洲股票基金BD月配級別美元
76L,聯博中國時機基金BD月配級別美元
76M,聯博中國時機基金BD月配澳幣避險級別
76N,(百元基金)貝萊德東協領先基金A2(美元)
76O,鋒裕環球高收益基金A股穩定配息(澳幣)
76P,鋒裕環球高收益基金A股穩定配息(南非幣)
76Q,鋒裕美國高息基金A股穩定配息(澳幣)
76R,鋒裕美國高息基金A股穩定配息(南非幣)
76S,鋒裕新興市場債券基金A股穩定配息(澳幣)
76T,鋒裕新興市場債券基金A股穩定配息(南非幣)
76U,鋒裕環球高收益基金B股穩定配息(澳幣) 
76V,鋒裕環球高收益基金B股穩定配息(南非幣)
76W,鋒裕美國高息基金B股穩定配息(澳幣) 
76X,鋒裕美國高息基金B股穩定配息(南非幣)
76Y,鋒裕新興市場債券基金B股穩定配息(澳幣)
76Z,鋒裕新興市場債券基金B股穩定配息(南非幣)
770,(百元基金)施羅德環球能源A1累積(美元)
771,天利(盧森堡)環球資產配置基金(配息)(美元)
772,鋒裕策略收益基金AXD配息(歐元對沖)
773,鋒裕美國高息公司債券基金AXD配息(歐元對沖)
774,貝萊德歐洲靈活股票基金(歐元)
775,貝萊德印度基金(歐元)
776,(百元基金)貝萊德印度基金(美元)
777,(百元基金)貝萊德日本靈活股票基金A2(美元)
778,貝萊德日本靈活股票基金A2(歐元)
779,貝萊德日本靈活股票基金A2(日圓)
77A,貝萊德全球股票收益基金A8穩定月配息股份(南非幣避險)
77B,東方匯理長鷹多重資產基金 FA-C(澳幣)
77C,東方匯理長鷹多重資產基金 FA-MD (月配息)(澳幣)
77D,東方匯理長鷹多重資產基金 FU-MD (月配息)(美元)
77E,先機全球新興市場基金A股(美元)
77F,聯博新興市場多元收益基金B股美元
77G,聯博新興市場多元收益基金BD股月配美元
77H,貝萊德亞太股票收益基金A8穩定月配息股份(南非幣避險)
77I,鋒裕中國股票基金A2(美元)
77J,鋒裕策略收益基金A股穩定配息(澳幣)
77K,鋒裕策略收益基金A股穩定配息(南非幣)
77L,鋒裕中國股票基金B2(美元)
77M,鋒裕策略收益基金B股穩定配息(澳幣)
77N,鋒裕策略收益基金B股穩定配息(南非幣)
77O,百達-全球高息精選基金-HR美元
77P,百達-全球高息精選基金(月配息)-HR 美元
77Q,百達-水資源基金-HR美元
77R,聯博日本策略價值基金BD月配美元避險級別
77S,(百元基金)施羅德亞洲高息股債基金A累積(美元) 
77T,施羅德亞洲高息股債基金A配息(美元) 
77U,施羅德亞洲高息股債基金A配息(澳幣對沖)
77V,NN(L)美國高股息基金Y股(月配)(澳幣對沖)
77W,NN(L)美國高股息基金Y股(月配)(南非幣對沖)
77X,NN(L)環球高股息基金Y股(月配)(澳幣對沖)
77Y,(百元基金)施羅德歐洲收益股票A1累積(美元對沖)
77Z,施羅德歐洲收益股票A1配息(美元對沖)
780,首域優質債券基金(配權)
781,亨德森遠見泛歐地產股票基金
782,亨德森遠見歐元領域基金
783,亨德森遠見全球科技基金
784,亨德森遠見日本機會基金
785,亨德森遠見日本小型公司基金
786,亨德森遠見泛歐股票基金
787,亨德森遠見泛歐小型公司基金
788,法巴L1全球高收益債券基金(美元)
789,法巴L1全球高收益債券基金(年配息)(美元)
78A,聯博歐洲股票基金BD月配美元避險級別
78B,(百元基金)貝萊德日本靈活股票基金HEDGED A2(美元)
78C,(百元基金)貝萊德歐洲基金HEDGED A2(美元)
78D,法巴百利達全球金融股票基金 C (美元)
78E,(百元基金)施羅德環球股息A基金(累積)(美元)
78F,施羅德環球股息AX配息基金(美元)
78G,施羅德環球股息A配息基金(澳幣對沖)
78H,聯博美國成長基金BD月配南非幣避險級別
78I,聯博成熟市場多元收益基金B級別美元
78J,施羅德環球股息基金A累積(歐元對沖) 
78K,亨德森遠見泛歐地產股票基金A2(美元避險)
78L,富蘭克林坦伯頓全球全球房地產基金B股(季配息)(美元)
78M,鋒裕歐洲潛力基金A2(美元對沖)
78N,鋒裕領先歐洲企業基金A2(美元對沖)
78O,鋒裕歐洲潛力基金B2(歐元)
78P,(百元基金)NN(L)新興市場債券基金X股(美元)
78Q,聯博日本策略價值基金BD月配(日圓)
78R,聯博日本策略價值基金BD月配(澳幣避險)
78S,(百元基金)貝萊德歐洲特別時機基金HEDGED A2(美元)
78T,(百元基金)貝萊德歐元市場基金HEDGED A2(美元)
78U,貝萊德歐元優質債券基金HEDGED A2(美元)
78V,NN(L)亞洲收益基金X股(月配)(美元)
78W,NN(L)亞洲收益基金X股(月配)(澳幣對沖)
78X,NN(L)新興市場債券基金X股(月配)(南非幣對沖)
78Y,NN(L)亞洲債券基金X股(月配)(南非幣對沖)
78Z,NN(L)歐元高股息基金Y股(月配)(澳幣對沖)
790,比利時聯合資產管理公司-全球創新成長基金
791,比利時聯合資產管理公司-全球熟齡商機基金
792,比利時聯合資產管理公司-歐洲電訊及科技基金
793,比利時聯合資產管理公司-東歐基金
794,比利時聯合資產管理公司-美國庫藏股基金
795,比利時聯合資產管理公司-全球資產管理基金
796,比利時聯合資產管理公司-全球上市新股基金
797,比利時聯合資產管理公司-全球醫療科技基金
798,比利時聯合資產管理公司-全球替代性能源基金
799,比利時聯合資產管理公司-全球水資源基金
79A,NN(L)新興市場債券基金Y股(月配)(南非幣對沖)
79B,NN(L)亞洲債券基金Y股(月配)(南非幣對沖)
79C,NN(L)亞洲債券基金Y股(月配)(澳幣對沖)
79D,NN(L)投資級公司債基金Y股(月配)(澳幣對沖)
79E,百達-歐元高收益債券基金-R歐元
79F,百達-歐元高收益債券基金(月配息)-R歐元
79G,百達-歐元高收益債券基金-HR美元
79H,百達-歐元高收益債券基金(月配息)-HR美元
79I,聯博歐洲股票基金BD月配歐元級別
79J,NN(L)環球高收益基金X股(月配)(美元對沖)
79K,NN(L)環球高收益基金Y股(月配)(美元對沖)
79L,聯博亞洲股票基金BD月配南非幣避險級別
79M,聯博中國時機基金BD月配南非幣避險級別
79N,(百元基金)施羅德歐洲小型公司基金A累積(美元對沖)
79O,瀚亞中國股票基金AZDMC1穩定月配(南非幣避險)
79P,富達日本基金(累積)-配權帳戶-美元避險
79Q,富達北歐基金(累積)-配權帳戶-美元避險
79R,富達太平洋基金-配權帳戶-美元避險
79S,富達全球科技基金(累積)-配權帳戶-美元避險
79T,(百元基金)瀚亞日本動力股票基金A(美元避險) 
79U,瀚亞日本動力股票基金AJ(日圓)
79V,瀚亞日本動力股票基金AA(澳幣避險) 
79W,瀚亞日本動力股票基金AZ(南非幣避險) 
79X,法巴L1多元全球穩定基金 C (歐元)
79Y,富達歐洲動能基金(累積)-配權帳戶-美元避險
79Z,富達全球健康護理基金(累積)-配權帳戶-美元
800,天利(盧森堡)全球能源股票基金(美元)
801,天利(盧森堡)全球能源股票基金(歐元)
802,天利(盧森堡)全球能源股票基金(歐元避險)
803,美國運通全球新興市場流動基金(美元)
804,天利(盧森堡)新興市場公司債券基金(配息)(美元)
805,美國運通全球新興市場流動基金(歐元)
806,天利(盧森堡)新興市場公司債券基金(歐元避險)
807,天利(盧森堡)全球新興市場短期債券基金(美元)
808,天利(盧森堡)全球新興市場短期債券基金(美元配息)
809,天利(盧森堡)全球新興市場短期債券基金(歐元)
80A,施羅德-歐洲股息基金A累積(歐元)
80B,施羅德歐洲股息基金A配息(歐元)
80C,(百元基金)施羅德歐洲股息基金A配息(美元對沖)
80D,(百元基金)貝萊德全球股票入息基金A2(美元)
80E,貝萊德全球股票入息基金A6(穩定配息)(美元)
80F,貝萊德全球股票入息基金A8穩定月配息(澳幣避險)
80G,貝萊德全球股票入息基金A8穩定月配息(紐西蘭幣避險)
80H,貝萊德全球股票入息基金HEDGED A2(歐元)
80I,(百元基金)施羅德亞洲股息基金 A累積(美元)
80J,施羅德亞洲股息基金 A配息(美元)
80K,施羅德亞洲股息基金 A配息(澳幣對沖)
80L,NN(L)旗艦多元資產基金X股(歐元)
80M,(百元基金)NN(L)旗艦多元資產基金X股(美元對沖)
80N,NN(L)旗艦多元資產基金X股(月配)(美元對沖)
80O,NN(L)旗艦多元資產基金X股(月配)(澳幣對沖)
80P,NB高收益債券基金T月配息類股(人民幣)(本基金未經本國主管機關核准)
80Q,NB全球債券絕對報酬基金T累積類股(美元)(本基金未經本國主管機關核准)
80R,NB全球債券絕對報酬基金T累積類股(人民幣)(本基金未經本國主管機關核准)
80S,NB絕對報酬多元策略基金T累積類股(美元)(本基金未經本國主管機關核准)
80T,NB絕對報酬多元策略基金T累積類股(人民幣)(本基金未經本國主管機關核准)
80U,NB高收益債券基金C2月配息類股(人民幣)(本基金未經本國主管機關核准)
80V,NB全球優先浮動利率收益基金T月配息類股(美元)(本基金未經本國主管機關核准)
80W,NB全球優先浮動利率收益基金T月配息類股(人民幣)(本基金未經本國主管機關核准)
80X,富達澳幣現金基金-配權帳戶
80Y,富達英鎊現金基金-配權帳戶
80Z,富達全球聚焦基金(累積)-配權帳戶-(美元)
810,天利(盧森堡)全球新興市場短期債券基金(歐元避險)
811,天利(盧森堡)美國高收益債券基金(美元)
812,天利(盧森堡)美國高收益債券基金(配息)(美元)
813,天利(盧森堡)美國高收益債券基金(歐元)
814,天利(盧森堡)美國高收益債券基金(歐元避險)
815,富達全球債券基金-配權帳戶-美元
816,富達歐元債券基金-配權帳戶-歐元
817,富達美元債券基金-配權帳戶-美元
818,富達英鎊靈活債券基金-配權帳戶-英鎊
819,富達歐洲高收益基金-配權帳戶-歐元
81A,易方達人民幣固定收益基金(半年配息)(本基金未經本國主管機關核准)
81B,易方達人民幣中國內地純債基金(累積)(本基金未經本國主管機關核准)
81C,易方達人民幣中國內地純債基金(月配息)(本基金未經本國主管機關核准)
81D,富達全球聚焦基金(累積)-配權帳戶-(歐元避險)
81E,法巴L1歐洲股票基金(歐元)
81F,法巴百利達新興歐洲股票基金/年配 (歐元)
81G,法巴百利達美國增長股票基金 C (美元)
81I,聯博前瞻主題基金BX股(美元)
81J,瑞萬通博基金-中國領導企業基金C(美元)
81K,鋒裕歐陸股票基金T2(美元)
81L,鋒裕歐洲研究基金T2(歐元)
81M,鋒裕歐洲研究基金T2(美元)
81N,鋒裕歐洲潛力基金T2(歐元)
81O,鋒裕歐洲潛力基金T2(美元)
81P,鋒裕歐洲潛力基金T2(美元對沖)
81Q,鋒裕領先歐洲企業基金T2(歐元)
81R,鋒裕領先歐洲企業基金T2(美元)
81S,鋒裕領先歐洲企業基金T2(美元對沖)
81T,鋒裕美國中型資本價值基金T2(歐元)
81U,鋒裕美國中型資本價值基金T2(美元)
81V,鋒裕美國鋒裕基金T2(美元)
81W,鋒裕日本股票基金T2(美元)
81X,鋒裕亞洲股票(不含日本)基金T2(美元)
81Y,鋒裕中國股票基金T2(美元)
81Z,鋒裕新興歐洲及地中海股票基金T2(歐元)
820,富達美元高收益基金-配權帳戶-美元
821,富達歐洲平衡基金-配權帳戶-歐元
822,富達澳元貨幣基金-配權帳戶-澳幣
823,富達瑞士法郎貨幣基金-配權帳戶-瑞郎
824,富達英鎊貨幣基金-配權帳戶-英鎊
825,富達美元貨幣基金-配權帳戶-美元
826,富達歐元貨幣基金-配權帳戶-歐元
827,富達美元現金基金-配權帳戶-美元
828,富達歐元現金基金-配權帳戶-歐元
829,富達歐洲基金-配權帳戶-歐元
82A,鋒裕新興歐洲及地中海股票基金T2(美元)
82B,鋒裕新興市場股票基金T2(歐元)
82C,鋒裕新興市場股票基金T2(美元)
82D,鋒裕美元綜合債券基金T2(美元)
82E,鋒裕美元綜合債券基金TXD配息(美元)
82F,鋒裕環球高收益基金T2(美元)
82G,鋒裕環球高收益基金TXD配息(美元)
82H,鋒裕環球高收益基金T股穩定配息(澳幣)
82I,鋒裕環球高收益基金T股穩定配息(南非幣)
82J,鋒裕美國高息基金T2(美元)
82K,鋒裕美國高息基金TXD配息(美元)
82L,鋒裕美國高息基金T股穩定配息(澳幣)
82M,鋒裕美國高息基金T股穩定配息(南非幣)
82N,鋒裕美元短期債券基金T2(美元)
82O,鋒裕策略收益基金T2(美元)
82P,鋒裕策略收益基金TXD配息(美元)
82Q,鋒裕策略收益基金T股穩定配息(澳幣)
82R,鋒裕策略收益基金T股穩定配息(南非幣)
82S,鋒裕新興市場債券基金T2(歐元)
82T,鋒裕新興市場債券基金T2(美元)
82U,鋒裕新興市場債券基金TXD配息(美元)
82V,鋒裕新興市場債券基金T股穩定配息(澳幣)
82W,鋒裕新興市場債券基金T股穩定配息(南非幣)
82X,鋒裕新興市場當地貨幣債券基金TXD配息(美元)
82Y,NN (L) 食品飲料基金X股基金(月配)(美元)
82Z,NN (L) 食品飲料基金X股基金(月配)(澳幣對沖)
830,富達南歐基金-配權帳戶-歐元
831,富達北歐基金-配權帳戶-瑞典克朗
832,富達東協基金-配權帳戶-美元
833,富達美國基金-配權帳戶-美元
834,富達日本基金-配權帳戶-日圓
835,富達英國基金-配權帳戶-英鎊
836,富達德國基金-配權帳戶-歐元
837,富達法國基金-配權帳戶-歐元
838,富達義大利基金-配權帳戶-歐元
839,富達馬來西亞基金-配權帳戶-美元
83A,摩根環球策略債券基金-JPM-A股累計(美元)
83B,摩根環球策略債券基金-JPM-A股每月派息(美元) 
83C,鋒裕歐洲股票最優波動基金A2(美元)
83D,鋒裕歐洲股票最優波動基金A2(歐元)
83E,鋒裕歐洲股票最優波動基金B2(美元)
83F,路博邁投資基金-NB新興市場股票基金T累積類股(美元)
83G,路博邁投資基金-NB新興市場股票基金T累積類股(澳幣)
83H,路博邁投資基金-NB新興市場股票基金T累積類股(南非幣)
83I,路博邁投資基金-NB新興市場股票基金C2累積類股(美元)
83J,路博邁投資基金-NB新興市場股票基金C2累積類股(澳幣)
83K,路博邁投資基金-NB新興市場股票基金C2累積類股(南非幣)
83M,路博邁投資基金-NB新興市場本地貨幣債券基金T累積類股(美元)
83N,路博邁投資基金-NB新興市場本地貨幣債券基金T月配息類股(美元)
83O,路博邁投資基金-NB新興市場本地貨幣債券基金T累積類股(澳幣)
83P,路博邁投資基金-NB新興市場本地貨幣債券基金T月配息類股(澳幣)
83Q,路博邁投資基金-NB新興市場本地貨幣債券基金T累積類股(南非幣)
83R,路博邁投資基金-NB新興市場本地貨幣債券基金T月配息類股(南非幣)
83S,路博邁投資基金-NB新興市場本地貨幣債券基金C2累積類股(美元)
83T,路博邁投資基金-NB新興市場本地貨幣債券基金C2月配息類股(美元)
83U,路博邁投資基金-NB新興市場本地貨幣債券基金C2累積類股(澳幣)
83V,路博邁投資基金-NB新興市場本地貨幣債券基金C2月配息類股(澳幣)
83W,路博邁投資基金-NB新興市場本地貨幣債券基金C2累積類股(南非幣)
83X,路博邁投資基金-NB新興市場本地貨幣債券基金C2月配息類股(南非幣)
83Y,富蘭克林坦伯頓全球新興國家固定收益基金F股(月配息)(美元)
83Z,富蘭克林坦伯頓全球穩定月收益基金F股(月配息)(美元)
840,富達新加坡基金-配權帳戶-美元
841,富達澳洲基金-配權帳戶-澳幣
842,富達日本小型企業基金-配權帳戶-日圓
843,富達國際基金-配權帳戶-美元
844,富達太平洋基金-配權帳戶-美元
845,富達拉丁美洲基金-配權帳戶-美元
846,富達印尼基金-配權帳戶-美元
847,富達歐洲小型企業基金-配權帳戶-歐元
848,富達韓國基金-配權帳戶-美元
849,富達歐洲進取基金-配權帳戶-歐元
84A,富蘭克林坦伯頓全球全球債券基金F股(月配息)(美元)
84B,富蘭克林坦伯頓全球公司債基金F股(月配息)(美元)
84C,富蘭克林坦伯頓全球美國機會基金F股(累積)(美元)
84D,富蘭克林坦伯頓全球亞洲小型企業基金F股(累積)(美元)
84E,富蘭克林坦伯頓全球生技領航基金F股(累積)(美元)
84F,富蘭克林坦伯頓全球天然資源基金F股(累積)(美元)
84G,富蘭克林坦伯頓全球美元短期票券基金F股(月配息)(美元)
84H,NN (L) 歐元高股息基金Y股(月配)(歐元)
84I,NN (L) 投資級公司債基金Y股(美元)
84J,NN (L) 食品飲料基金Y股(美元)
84K,NN (L) 亞洲收益基金Y股(月配)
84L,NN (L) 旗艦多元資產基金Y股(月配)(美元對沖)
84M,NN (L) 旗艦多元資產基金Y股(月配)(澳幣對沖)
84N,路博邁投資基金 - NB美國房地產基金C2月配息類股(美元)
84O,路博邁投資基金 - NB美國房地產基金C2月配息類股(澳幣)
84P,路博邁投資基金 - NB美國房地產基金C2月配息類股(南非幣)
84Q,路博邁投資基金 - NB美國房地產基金C2累積類股(澳幣)
84R,路博邁投資基金 - NB美國房地產基金C2累積類股(南非幣)
84S,施羅德新興市場股債收息基金A(累積)(美元)
84T,施羅德新興市場股債收息基金AX(月配息)(美元)
84U,安本環球-印度債券基金 A2累積
84V,安本環球-印度債券基金A3配息
84W,瀚亞亞洲債券基金Az(南非幣避險)
84X,瀚亞全球價值股票基金Az(南非幣避險)
84Y,富達基金-全球入息基金(A股C月配息)-配權帳戶-美元
84Z,富達基金-歐洲平衡基金(A股C月配息)-配權帳戶-歐元
850,富達瑞士基金-配權帳戶-瑞郎
851,富達美國成長基金-配權帳戶-美元
852,富達世界基金-配權帳戶-歐元
853,富達歐元藍籌基金-配權帳戶-歐元
854,富達歐盟50TM基金-配權帳戶-歐元
855,富達全球科技基金-配權帳戶-歐元
856,富達全球電訊基金-配權帳戶-歐元
857,富達全球消費行業基金-配權帳戶-歐元
858,富達全球金融服務基金-配權帳戶-歐元
859,富達全球健康護理基金-配權帳戶-歐元
85A,法巴百利達美國價值DEFI股票基金 C (美元)
85B,法巴百利達美國價值DEFI股票基金(年配息)(美元)
85C,瀚亞全球新興市場債券基金Az(南非幣避險)
860,富達全球工業基金-配權帳戶-歐元
861,富達歐洲動能基金-配權帳戶-歐元
862,富達目標基金2010-配權帳戶-美元
863,富達目標基金2020-配權帳戶-美元
864,富達美國多元基金-配權帳戶-美元
865,富達印度聚焦基金-配權帳戶-美元
866,富達日本潛力優勢基金-配權帳戶-日圓
867,富達歐洲大型企業基金-配權帳戶-歐元
868,富達全球聚焦基金-配權帳戶-美元
869,(百元基金)摩根新興歐洲股票基金-JPM-A股累計(美元)
870,創利德(盧森堡)日本股票基金 (日圓)
871,富蘭克林坦伯頓全球歐元全球基金B股(美元)
872,富蘭克林坦伯頓全球拉丁美洲基金B股
873,富蘭克林坦伯頓全球泰國基金B股(美元)
874,富蘭克林坦伯頓全球潛力歐洲基金B股
875,富蘭克林坦伯頓全球東歐基金B股(年配息)(歐元)
876,富蘭克林坦伯頓全球成長基金B股(歐元)
877,富蘭克林坦伯頓全球互利歐洲基金B股(歐元)
878,富蘭克林坦伯頓全球邊境市場基金B股(美元)
879,天利(盧森堡)新興市場公司債券基金(配息)(歐元避險)
880,貝萊德美元高收益債券基金A6(穩定配息)(美元)
881,NN(L)新興市場債券基金X股(歐元對沖)
882,NN(L)新興市場債券基金X股(月配)(美元)
883,富達全球實質資產基金 (累積)-配權帳戶-美元
884,富達全球實質資產基金 (累積)-配權帳戶-歐元避險
885,鋒裕新興市場債券基金BXD配息(美元)
886,法巴L1全球高股息股票基金(歐元)
887,法巴L1全球高股息股票基金(美元)
888,法巴L1全球高股息股票基金(年配息)(歐元)
889,法巴L1全球高股息股票基金(年配息)(美元)
890,法巴L1亞太高股息股票基金(美元)
891,荷銀亞太高股息股票基金(季配息)(美元)
892,荷銀俄羅斯股票基金(歐元)
893,荷銀俄羅斯股票基金(美元)
894,荷銀俄羅斯股票基金(歐元年配息)
895,荷銀俄羅斯股票基金(美元年配息)
896,荷銀原物料基金(歐元)
897,法巴L1全球原物料股票基金(美元)
898,法巴L1全球原物料股票基金(年配息)(歐元)
899,荷銀原物料基金(年配息)(美元)
8A0,永豐金ＲＱＦＩＩ中國穩健收益型基金(配息)(未核備)
8A1,永豐金中國A股基金(本基金未經本國主管機關核准)
8A2,永豐金中國精選組合基金(本基金未經本國主管機關核准)
8A3,永豐金中國機會基金A(本基金未經本國主管機關核准)
8A4,永豐金中國機會基金B(本基金未經本國主管機關核准)
8A5,永豐金美元短期固定收益基金(本基金未經本國主管機關核准)
8A6,永豐金美元高收益債券基金A(本基金未經本國主管機關核准)
8A7,永豐金美元高收益債券基金C(本基金未經本國主管機關核准)
8A8,永豐金美元高收益債券基金D(本基金未經本國主管機關核准)
8A9,永豐金絕對報酬基金(本基金未經本國主管機關核准)
8B0,永豐金寶鑽基金A(本基金未經本國主管機關核准)
8B1,永豐金寶鑽基金B(本基金未經本國主管機關核准)
8B2,永豐金RQFII中國穩健收益型基金(配權)(本基金未經本國主管機關核准)
A01,安本美國股票基金
A02,安本環球-亞太股票基金A2累積
A03,安本環球-澳洲股票基金A2累積
A04,安本環球-歐洲股票基金A2
A05,安本環球-日本股票基金A2累積
A06,安本環球-英國股票基金A2累積
A07,安本環球-北美股票基金A2累積
A08,安本歐洲新興國家股票基金
A09,安本亞洲新興國家股票基金
A10,安本英國中小型公司股票基金
A11,安本澳洲債券基金
A12,安本加幣債券基金
A13,安本歐元債券基金
A14,安本歐洲債券基金
A15,安本英鎊債券基金
A16,安本日幣債券基金
A17,安本美元債券基金
A18,安本歐元貨幣基金
A19,安本英鎊貨幣基金
A20,安本美元貨幣基金
A21,安本日幣貨幣基金
A22,安本環球-拉丁美洲股票基金A2累積
A23,安泰東協發展基金
A24,安泰亞洲信託基金
A25,安泰富士山信託基金
A26,安本環球高收益債券基金
A27,安本環球-歐洲股票基金A2累積
A28,安本環球-新興市場股票基金A2累積
A29,安本環球-新興市場債券基金A1配息
A30,安本環球-日本股票基金A2累積(日圓)
A31,安本環球-亞洲當地貨幣短期債券基金
A32,安本環球-科技股票基金A2累積
A33,安本環球-世界股票基金A2累積
A34,安本環球-歐元高收益債券基金A1月配息(歐元)
A35,安本環球-歐元高收益債券基金A2累積(歐元)
A36,安本環球-新興市場債券基金A2累積
A37,安本環球-亞洲小型公司基金A2累積
A38,安本環球-中國股票基金A2累積
A39,安本環球-新興市場小型公司基金A2累積
A40,安本環球-印度股票基金A2累積
A41,安本環球-世界責任股票基金A2累積
A42,安本環球-拉丁美洲股票基金A2累積
A43,安本環球-亞洲地產股票基金A2累積
A44,安本環球-世界資源股票基金A2累積
A45,安本環球-歐元高收益債券基金A1月配息(基本貨幣避險-美元)
A46,安本環球-歐元高收益債券基金A2累積(基本貨幣避險-美元)
A47,安本環球-日本股票基金A2累積(基本貨幣避險-美元)
A48,安本環球-日本小型公司基金A2累積(日圓)
A49,安本環球日本小型公司基金A2累積(基本貨幣避險-美元)
AB0,瑞士安勤黃金基金-AA
AB1,瑞士安勤國際平衡基金
AB2,瑞士安勤北美股票基金
AB3,瑞士安勤歐洲股票基金
AB4,瑞士安勤瑞士股票基金
AB5,瑞士安勤日本股票基金
AB6,瑞士安勤黃金基金A
AB7,友邦美元債券基金
AB8,瑞士安勤歐元債券基金
AB9,瑞士安勤瑞士法郎債券基金
AD1,柏瑞日本小型公司股票基金(日圓) 
AD2,柏瑞歐洲小型公司股票基金(歐元)
AD3,柏瑞日本小型公司股票基金
AD4,柏瑞歐洲小型公司股票基金 (美元)
AD5,柏瑞日本新遠景股票基金 (美元)
AD6,柏瑞日本新遠景股票基金(日圓) 
AD7,友邦東南亞基金(美元)
AD8,柏瑞環球債券基金(美元)
AD9,柏瑞美國股票基金(美元)
AE0,柏瑞歐洲股票基金(美元)
AE1,柏瑞環球重點價值股票基金(美元)
AE2,柏瑞環球重點股票基金(美元) 
AE3,柏瑞新興歐洲股票基金A(美元)
AE4,柏瑞環球新興市場債券基金(美元) 
AE5,柏瑞拉丁美洲股票基金 
AE6,柏瑞日本中小型公司股票基金(美元)
AE7,柏瑞印度股票基金A(美元)
AE8,柏瑞環球新興市場債券基金(月配息)
AE9,柏瑞拉丁美洲中小型公司股票基金 
AF0,柏瑞歐洲中小型公司股票基金
AF1,柏瑞歐洲中小型公司股票基金
AF2,柏瑞美國小型公司成長基金A
AF3,柏瑞環球新興市場精選股票基金 
AF4,柏瑞大中華股票基金A
AF5,柏瑞亞洲(日本除外)股票基金 
AF6,柏瑞環球動態資產配置基金A
AF8,柏瑞環球新興市場債券基金A6HD
AF9,柏瑞環球動態資產配置基金A
AG0,柏瑞環球動態資產配置基金ADC(配息)(美元)
AI0,友邦台灣靈活配置股票基金
AI1,柏瑞巨人基金
AI2,友邦巨鵬基金
AI3,友邦網路商務基金
AI4,柏瑞巨輪貨幣市場基金
AI5,柏瑞旗艦全球平衡組合基金(台幣)
AI6,柏瑞旗艦全球成長組合基金(台幣)
AI7,柏瑞旗艦全球債券組合基金(不配息)(台幣)
AI8,柏瑞全球金牌組合基金(台幣)
AI9,柏瑞拉丁美洲基金
AIA,柏瑞全球策略高收益債券基金Bt(月配息)(新臺幣)
AK0,柏瑞特別股息收益基金B(月配息)(澳幣)
AP0,柏瑞全球策略高收益債券基金A(美元)
AP1,柏瑞全球策略高收益債券基金B(月配息)(美元)
B01,柏克萊香港基金
B02,柏克萊印尼基金
B03,柏克萊日本基金
B04,柏克萊韓國基金
B05,柏克萊馬來西亞基金
B06,柏克萊菲律賓基金
B07,柏克萊新加坡基金
B08,柏克萊泰國基金
B09,柏克萊東南亞基金
B10,柏克萊美元流動基金
BKA,元大新中國基金(美元)
BL0,(百元基金)元大精準中小基金
BL1,(百元基金)元大績效基金
BL2,寶來美台雙利基金
BL3,寶來地產基金
BL4,元大寶來矽谷基金
BL5,寶來平衡基金
BL6,元大得利貨幣市場基金
BL7,元大得寶貨幣市場基金
BL8,寶來富利基金(台幣)
BL9,寶來全球優勢基金
BM0,寶來全球短期債券基金
BM1,元大寶來雙盈平衡基金(台幣)
BM2,(百元基金)元大台灣加權股價指數基金(台幣)
BM3,(百元基金)元大全球ETF穩健組合基金(台幣)
BM4,元大全球不動產證券化基金B(月配息型)(台幣)
BM5,寶來全球金融資產證券化基金A(不配息)(台幣)
BM6,(百元基金)元大全球不動產證券化基金A
BM7,寶來福星高照保本型基金(台幣)
BM8,(百元基金)元大全球新興市場精選組合基金
BM9,(百元基金)元大寶全球ETF成長組合基金
BMA,元大新中國基金(人民幣)
BS0,寶華成豐永保安康平衡基金
BS1,寶華成豐嚴選基金
BU0,貝萊德亞美利加收益基金
BU1,貝萊德寶利基金
BU2,(牛牛牛)華磐石基金
BU3,(牛牛牛)華利基基金
BU4,(牛牛牛)華高科技基金
BU5,(牛牛牛)華安定基金
BU6,貝萊德新台幣貨幣市場基金
BU7,倍立全球科技基金
BU8,倍立中概基金
BU9,(牛牛牛)華S＆P強選全球固定收益組合基金
BUA,貝萊德全球多元因子ETF組合基金(累積)
BUC,貝萊德全方位資產收益組合基金(累積)
BUD,貝萊德全方位資產收益組合基金(月配) 
BV0,貝萊德全球多元因子 ETF 組合基金(累積)(人民幣)
BV1,貝萊德全方位資產收益組合基金(月配)(人民幣)
BW0,貝萊德全球多元因子 ETF 組合基金(累積)(美元)
BW1,貝萊德全方位資產收益組合基金(累積)(美元)
BW2,貝萊德全方位資產收益組合基金(月配)(美元)
C01,霸菱澳洲基金(美元)
C02,霸菱香港中國基金(美元)
C03,霸菱日本基金(美元)
C04,霸菱日本小型公司基金(美元)
C05,霸菱日本科技基金
C06,霸菱星馬基金(美元)
C07,霸菱亞洲增長基金(美元)
C08,霸菱大東協基金(美元)
C09,霸菱美元儲備基金
C10,霸菱貨幣管理基金
C11,霸菱三星認股權證基金
C12,霸菱全球新興市場基金(美元)
C13,霸菱拉丁美洲基金(美元)
C14,霸菱歐寶基金(美元)
C15,霸菱國際債券基金(美元)
C16,霸菱北美基金(美元)
C17,霸菱韓國基金
C18,霸菱全球資源基金(美元)
C19,霸菱成熟及新興市場高收益債券基金(季配息)(美元)
C20,霸菱東歐基金(美元)
C21,霸菱成熟及新興市場高收益債券基金(季配息)(歐元)
C22,霸菱澳洲基金(歐元)
C23,霸菱香港中國基金(歐元)
C24,霸菱日本基金(歐元)
C25,霸菱日本小型公司基金(歐元)
C26,霸菱亞洲增長基金(歐元)
C27,霸菱大東協基金(歐元)
C28,霸菱全球新興市場基金(歐元)
C29,霸菱拉丁美洲基金(歐元)
C30,霸菱歐寶基金(歐元)
C31,霸菱國際債券基金(歐元)
C32,霸菱北美基金(歐元)
C33,霸菱東歐基金(歐元)
C34,霸菱全球資源基金(歐元)
C35,霸菱法國成長基金(歐元)
C36,霸菱歐洲加值債券基金
C37,霸菱新興世界基金(歐元)
C38,霸菱新興世界基金(英鎊)
C39,霸菱世界債券基金(歐元)
C40,霸菱世界債券基金(英鎊)
C41,霸菱成熟及新興市場高收益債券基金(月配息)(美元)
C42,霸菱成熟及新興市場高收益債券基金(年配息)(歐元避險)
C43,霸菱歐洲精選信託基金
C44,霸菱策略債券基金
C96,霸菱美國主流股票基金
C97,霸菱美國增值股票基金
C98,霸菱美國新昇股票基金
C99,霸菱美國價值股票基金
CH1,匯豐基金
CH2,匯豐萬邦基金
CH3,匯豐安富基金
CH4,匯豐龍騰電子基金
CH5,匯豐中小基金
CH6,匯豐台灣精典基金
CH7,匯豐佳值基金
CH8,匯豐太平洋精典基金
CH9,匯豐富泰貨幣市場基金
CI0,匯豐富泰二號貨幣市場基金
CI1,匯豐歐洲精典組合基金
CI2,匯豐龍鳳基金
CI3,匯豐成長基金
CI4,匯豐成功基金
CI5,匯豐環宇債券基金
CI6,匯豐環宇精選平衡組合基金
CI7,匯豐三高平衡基金
CI8,匯豐金磚動力基金
CI9,匯豐新日本動力組合基金
CJ0,(百元基金)野村鑫全球債券組合基金
CJ1,(百元基金)野村優質基金
CJ2,(百元基金)野村成長基金
CJ3,(百元基金)野村平衡基金
CJ4,(百元基金)野村E科技基金
CJ5,(百元基金)野村中小基金
CJ6,彰銀安泰平穩精選
CJ7,安泰ING債券二號基金
CJ8,(百元基金)野村全球品牌基金
CJ9,(百元基金)野村全球高股息基金
CK0,(百元基金)野村鑫平衡組合基金
CK1,彰銀安泰活利基金
CK2,(百元基金)野村歐洲高股息基金
CK3,(百元基金)野村全球不動產證券化基金
CK4,安泰ING組合傘型之鑫全球安穩組合基金
CK5,安泰ING組合傘型之鑫全球成長組合基金
CK6,(百元基金)野村亞太高股息基金
CK7,野村亞太收益多重資產基金(累積)(美元)
CK8,野村亞太收益多重資產基金(月配)(美元)
CKA,野村亞太複合高收益債基金(累積)(美元)
CKB,野村亞太複合高收益債基金(月配)(美元)
CKC,野村亞太新興債券基金(累積)(美元)
CKD,野村亞太新興債券基金(月配)(美元)
CL0,野村亞太收益多重資產基金(累積)(人民幣)
CL1,野村亞太收益多重資產基金(月配)(人民幣)
CLA,野村亞太新興債券基金(累積)(人民幣)
CLB,野村亞太新興債券基金(月配)(人民幣)
CS0,景順和信基金
CS1,景順潛力基金
CS2,景順全球收益基金
CS3,景順台灣精選成長基金
CS4,景順全球科技基金
CS5,景順人民幣新興亞太入息基金-累積型
CS6,景順人民幣新興亞太入息基金(月配型)
CT0,景順全球康健基金
CT1,景順店頭基金
CT2,景順龍基金
CT3,景順台灣科技基金
CT4,景順主流基金
CT5,景順寰宇先進科技基金
CT6,景順平衡基金
CT7,景順新價值基金
CT8,景順貨幣市場基金
CT9,景順收益基金
CU0,景順富麗人生基金
CU1,景順公債基金
CU2,景順高股息平衡基金
CU3,景順日本基金
CY0,群益安邦基金(台幣)
CY1,群益馬拉松基金
CY2,群益長安基金(台幣)
CY3,群益創新科技基金
CY4,群益店頭市場基金(台幣)
CY5,群益真善美基金(台幣)
CY6,群益全球數位基金(台幣)
CY7,群益平衡王基金
CY8,群益中小型股基金
CY9,群益安家基金(台幣)
CZ0,群益多重資產組合基金(台幣)
CZ1,群益奧斯卡基金(台幣)
CZ2,群益多重收益組合基金(台幣)
CZ3,群益葛萊美基金(台幣)
CZ4,群益亞太新趨勢平衡基金(台幣)
CZ5,群益新興金鑽基金
CZ6,群益安穩貨幣市場基金
CZ7,群益華夏盛世基金
CZ8,群益印巴雙星基金
CZ9,群益亞太中小基金
D01,安聯歐洲基金
D02,安聯德國基金
D03,安聯國際債券基金
D04,安聯全球股票基金
D05,安聯全球生物科技基金
D06,德盛德利全球多媒體基金
D07,德盛德利全球軟體基金
D08,安聯全球高科技基金
D09,德盛德利全球金融服務基金
D10,安聯全球資源基金
D11,德盛德利全球成長基金
D12,德盛德利北美基金
D13,安聯歐洲成長基金
D14,德盛德利西葡基金
D15,德盛德利全球平衡基金
D16,安聯歐洲債券基金
D17,德盛德利全球美元債券基金
D18,德盛德利歐洲平衡基金
D19,德盛德利全球價值股票基金
D20,德盛德利全球金融基金
DA0,永豐永益平衡基金
DA1,(百元基金)永豐永豐基金
DA2,(百元基金)永豐高科技基金
DA3,大華亞洲科技基金
DA4,永豐貨幣市場基金
DA5,大華安益債券基金
DA6,(百元基金)永豐中小基金
DA7,(百元基金)永豐趨勢平衡基金
DA8,(百元基金)永豐中概平衡基金
DA9,(百元基金)永豐全球平衡組合基金
DW0,永豐美元貨幣市場基金
DW1,(百元基金)永豐主流品牌基金
DW2,永豐環球趨勢資源基金
DW3,(百元基金)永豐大中華基金
DW4,(百元基金)永豐亞洲民生消費基金
DW5,(百元基金)永豐全球新興向榮基金
DW6,永豐全球投資等級債券基金
DW7,(百元基金)永豐新興高收雙債組合基金-累積類型
DW8,永豐新興高收雙債組合基金-月配類型
DW9,永豐亞洲中小基金
E01,永聯專屬黃金基金
E02,永聯華信全球基金
E03,永聯華信資源基金
E04,永聯華信亞太基金
E05,永聯華信管理基金
E06,永聯成長基金
E07,永聯環球基金
E08,永聯所得基金
E09,永聯澳洲債券基金
E10,永聯國際債券基金
E11,永聯安全信託基金
E21,法儲銀盧米斯塞勒斯債券基金(配息)(美元)
E22,法儲銀盧米斯塞勒斯債券基金
E23,法儲銀盧米斯塞勒斯債券基金(配息)
E24,法儲銀盧米斯塞勒斯全球機會債券基金(配息)
E25,法儲銀盧米斯塞勒斯全球機會債券基金
E26,法儲銀盧米斯塞勒斯全球機會債券基金(配息)(英鎊)
E27,法儲銀盧米斯塞勒斯債券基金(月配息)
E28,法儲銀盧米斯塞勒斯債券基金R/A
E29,法儲銀盧米斯賽勒斯高收益債券型基金
E30,法儲銀盧米斯賽勒斯高收益債券型基金(配息)
E51,法儲銀新興歐洲股票基金R/A(美元)
E52,法儲銀新興歐洲股票基金R/D(配息)(美元)
E53,法儲銀新興歐洲股票基金R/A(歐元)
E54,法儲銀盧米斯賽勒斯美國大型企業價值基金(美元)
E55,法儲銀盧米斯賽勒斯美國大型企業價值基金(配息)(美元)
E56,法儲銀盧米斯賽勒斯美國大型企業價值基金(歐元)
E57,法儲銀盧米斯賽勒斯美國大型企業價值基金(英鎊)
E58,法儲銀盧米斯賽勒斯美國大型企業價值基金(配息)(英鎊)
E59,法儲銀盧米斯賽勒斯美國探索基金(美元)
E60,法儲銀盧米斯賽勒斯美國探索基金(配息)(美元)
E61,法儲銀盧米斯賽勒斯美國探索基金
E62,法儲銀漢瑞斯全球股票基金(美元)
E63,法儲銀漢瑞斯全球股票基金(配息)(美元)
E64,法儲銀漢瑞斯全球股票基金
E65,法儲銀漢瑞斯美國股票基金(美元)
E66,法儲銀漢瑞斯美國股票基金(配息)(美元)
E67,法儲銀漢瑞斯美國股票基金
E68,法儲銀漢瑞斯美國股票基金(英鎊)
E69,法儲銀漢瑞斯美國股票基金(配息)(英鎊)
E70,法儲銀亞太股票基金R/A(美元)
E71,法儲銀亞太股票基金R/A(歐元)
E72,法儲銀新興亞洲股票基金R/A(美元)
E73,法儲銀新興亞洲股票基金R/A(歐元)
E74,法儲銀拉丁美洲股票基金R/A(美元)
E75,法儲銀拉丁美洲股票基金R/A(歐元)
E76,法儲銀盧米斯賽勒斯新興市場債券型基金
E77,法儲銀盧米斯賽勒斯新興市場債券型基金(配息)
E78,法儲銀盧米斯賽勒斯投資等級債券型基金
E79,法儲銀盧米斯賽勒斯投資等級債券型基金(配息)
EM0,華南永昌全球短期固定收益基金
EM1,華南永昌全球基礎建設基金(不配息)
EM2,華南永昌愛台灣基金
EM3,華南永昌全球神農水資源基金
EM4,華南永昌物聯網精選基金
EN0,華南永昌新銳星基金
EN1,華南永昌龍盈平衡基金
EN2,華南永昌永昌基金
EN3,華南永昌前瞻科技基金
EN4,華南永昌鶴喜平衡基金
EN5,華南永昌昌隆基金
EN6,華南永昌全球平衡基金
EN7,華南永昌全球亨利組合基金
EN8,華南永昌鳳翔貨幣市場基金
EN9,華南永昌麒麟貨幣市場基金
EO0,華南永昌全球精品基金
EO1,華南永昌中國A股基金
F00,富達全球通膨連結債券基金(累積)-配息帳戶-美元
F01,富達歐洲基金-配息帳戶-歐元
F02,富達南歐基金(配息帳戶)(歐元)
F03,富達北歐基金-配息帳戶-瑞典克朗
F04,富達亞洲聚焦基金(配息帳戶)(美元)
F05,富達東協基金(配息帳戶)(美元)
F06,富達美國基金-配息帳戶-美元
F07,富達日本基金(配息帳戶)(日圓)
F08,富達英國基金(配息帳戶)(英鎊)
F09,富達德國基金(配息帳戶)(歐元)
F0A,富達全球通膨連結債券基金(累積)-配息帳戶-歐元避險
F0B,富達歐洲高收益基金(A 股穩定月配息)-配息帳戶-歐元
F0C,富達亞洲高收益基金(A 股穩定月配息)-配息帳戶-美元
F0D,富達全球實質資產基金 (累積)-配息帳戶-美元
F0E,富達全球實質資產基金 (累積)-配息帳戶-歐元避險
F0F,富達中國內需消費基金(累積)-配息帳戶-美元
F0G,富達中國內需消費基金(累積)-配息帳戶-歐元
F0H,富達亞太入息基金 (A股F1穩定月配息)-配息帳戶-美元
F0I,富達美元高收益基金(F1穩定月配息)-配息帳戶-美元
F0J,富達歐洲高收益基金(F1穩定月配息)-配息帳戶-歐元
F0K,富達亞洲高收益基金(F1穩定月配息)-配息帳戶-美元
F0L,富達新興市場債券基金(F1穩定月配息)-配息帳戶-美元
F0M,富達歐洲高收益基金(A股月配)-配息帳戶-美元避險
F0N,富達全球消費行業基金(累積)-配息帳戶-美元
F0O,富達全球入息基金(A股F1穩定月配息)-配息帳戶-美元
F0P,富達全球入息基金(A股F1穩定月配息)-配息帳戶-歐元
F0Q,富達全球入息基金(累積)-配息帳戶-美元
F0R,富達全球入息基金(累積)-配息帳戶-歐元避險
F0S,富達美國基金(累積)-配息帳戶-澳幣避險
F0T,富達全球金融服務基金-配息帳戶-美元
F0U,富達美元高收益基金(A股月配息)-配息帳戶-澳幣避險
F0V,富達全球入息基金( A股H月配息)-配息帳戶-澳幣避險
F0W,富達歐洲基金(累積)-配息帳戶-美元避險
F0X,富達歐洲小型企業基金(累積)-配息帳戶-美元避險
F0Y,富達日本小型企業基金(累積)-配息帳戶-美元避險
F0Z,富達中國內需消費基金(累積)-配息帳戶-澳幣避險
F10,富達法國基金(配息帳戶)(歐元)
F11,富達義大利基金-配息帳戶-歐元
F12,富達馬來西亞基金(配息帳戶)(美元)
F13,富達新加坡基金(配息帳戶)(美元)
F14,富達泰國基金-配息帳戶-美元
F15,富達大中華基金(配息帳戶)(美元)
F16,富達全球債券基金(配息帳戶)(美元)
F17,富達歐元債券基金-配息帳戶-歐元
F18,富達美元債券基金(配息帳戶)(美元)
F19,富達英鎊靈活債券基金-配息帳戶-英鎊
F1A,富達東協基金(累積)-配息帳戶-澳幣避險
F1B,富達亞洲高收益基金(A股H月配息)-配息帳戶-澳幣避險
F1C,富達歐洲平衡基金(累積)-配息帳戶-美元避險
F1D,富達德國基金(累積)-配息帳戶-美元避險
F1E,富達歐洲入息基金(累積)-配息帳戶-歐元
F1F,富達歐洲入息基金(A股F1穩定月配息)-配息帳戶-歐元
F1G,富達歐洲入息基金(A股F1穩定月配息)-配息帳戶-美元避險
F1H,富達亞太入息基金(A股H月配)-配息帳戶-澳幣避險
F1I,富達歐洲入息基金(A股H月配)-配息帳戶-澳幣避險
F1J,富達日本基金(累積)-配息帳戶-美元避險
F1K,富達北歐基金(累積)-配息帳戶-美元避險
F1L,富達太平洋基金-配息帳戶-美元避險
F1M,富達全球科技基金(累積)-配息帳戶-美元避險
F1N,富達歐洲動能基金(累積)-配息帳戶-美元避險
F1O,富達全球健康護理基金(累積)-配息帳戶-美元
F1P,富達澳幣現金基金-配息帳戶
F1Q,富達全球聚焦基金(累積)-配息帳戶-(美元)
F1R,富達全球聚焦基金(累積)-配息帳戶-(歐元避險)
F1S,富達基金-全球入息基金(A股C月配息)-配息帳戶-美元
F1T,富達基金-歐洲平衡基金(A股C月配息)-配息帳戶-歐元
F20,富達日圓債券基金
F21,富達澳洲基金(配息帳戶)(澳幣)
F22,富達日本小型企業基金-配息帳戶-日圓
F23,富達國際基金(配息帳戶)(美元)
F24,富達新興市場基金-配息帳戶-美元
F25,富達太平洋基金(配息帳戶)(美元)
F26,富達拉丁美洲基金(配息帳戶)(美元)
F27,富達澳元貨幣基金(配息帳戶)(澳幣)
F28,富達瑞士法郎貨幣基金(配息帳戶)(瑞郎)
F29,富達馬克貨幣基金
F30,富達英鎊貨幣基金-配息帳戶-英鎊
F31,富達日圓貨幣基金(日圓)
F32,富達美元貨幣基金(配息帳戶)(美元)
F33,富達歐元貨幣基金(配息帳戶)(歐元)
F34,富達亞洲成長趨勢基金(配息帳戶)(美元)
F35,富達印尼基金(配息帳戶)(美元)
F36,富達歐洲平衡基金(配息帳戶)(歐元)
F37,富達歐洲小型企業基金(配息帳戶)(歐元)
F38,富達韓國基金-配息帳戶-美元
F39,富達全球台商企業基金(配息帳戶)(美元)
F40,富達全球精選基金(配息帳戶)(美元)
F41,富達歐洲進取基金(配息帳戶)(歐元)
F42,富達瑞士基金(配息帳戶)(瑞郎)
F43,富達加幣貨幣基金(加幣)
F44,富達紐西蘭幣貨幣基金(紐幣)
F45,富達港幣貨幣基金(港幣)
F46,富達美國成長基金-配息帳戶-美元
F47,富達世界基金-配息帳戶-歐元
F48,富達美元現金基金(配息帳戶)(美元)
F49,富達歐元現金基金(配息帳戶)(歐元)
F50,富達歐元藍籌基金(配息帳戶)(歐元)
F51,富達歐盟50TM基金(配息帳戶)(歐元)
F52,富達全球科技基金-配息帳戶-歐元
F53,富達全球電訊基金-配息帳戶-歐元
F54,富達歐洲高收益基金-配息帳戶-歐元
F55,富達亞洲科技基金(美元)
F56,富達全球消費行業基金-配息帳戶-歐元
F57,富達全球金融服務基金-配息帳戶-歐元
F58,富達全球健康護理基金(配息帳戶)(歐元)
F59,富達全球工業基金(配息帳戶)(歐元)
F60,富達美元債券基金-配息帳戶(月配)(美元)
F61,富達歐元債券基金-配息帳戶(月配)(歐元)
F62,富達歐洲高收益基金-配息帳戶(月配)(歐元)
F63,富達歐洲動能基金-配息帳戶-歐元
F64,富達美元高收益基金(配息帳戶)(美元)
F65,富達美元高收益基金A股月配(配息帳戶)(美元)
F66,富達目標基金2010(配息帳戶)(美元)
F67,富達目標基金2020(配息帳戶)(美元)
F69,富達美國多元基金(配息帳戶)(美元)
F70,富達印度聚焦基金-配息帳戶-美元
F71,富達日本潛力優勢基金-配息帳戶-日圓
F72,富達歐洲大型企業基金-配息帳戶-歐元
F73,富達全球聚焦基金-配息帳戶-美元
F74,富達全球成長及收益基金-配息帳戶-美元
F75,富達新興市場債券基金-配息帳戶-美元
F76,富達新興市場債券基金-配息帳戶-歐元
F77,富達全球不動產基金(美元)-配息帳戶-美元
F78,富達全球不動產基金(歐元)-配息帳戶-歐元
F79,富達中國聚焦基金(年配)-配息帳戶-美元
F80,富達中國聚焦基金(累積)-配息帳戶-歐元
F81,富達亞洲高收益基金(累積)-配息帳戶-歐元
F82,富達亞洲高收益基金(累積)-配息帳戶-美元
F83,富達亞洲高收益基金(A股月配)-配息帳戶-美元
F84,富達新興市場債券基金(月配息)-配息帳戶-美元
F85,富達新興市場債券基金(月配息)-配息帳戶-歐元
F86,富達美元高收益基金 (A股穩定月配息)-配息帳戶-美元
F87,富達亞洲成長趨勢基金(累積)-配息帳戶-美元
F88,富達亞洲成長趨勢基金(累積)-配息帳戶-歐元
F89,富達新興歐非中東基金-配息帳戶-美元
F90,富達新興歐非中東基金-配息帳戶-歐元
F91,富達新興歐非中東基金(累積)-配息帳戶-美元
F92,富達新興歐非中東基金(累積)-配息帳戶-歐元
F93,富達全球優勢產業基金-配息帳戶-美元
F94,富達全球優勢產業基金-配息帳戶-歐元
F95,富達全球優勢產業基金(累積)-配息帳戶-歐元
F96,富達新興亞洲基金-配息帳戶-美元
F97,富達新興亞洲基金-配息帳戶-歐元
F98,富達新興亞洲基金(累積)-配息帳戶-美元
F99,富達新興亞洲基金(累積)-配息帳戶-歐元
FA0,德銀遠東DWS科技基金
FA1,德銀遠東DWS台灣旗艦基金
FA2,德銀遠東DWS台灣貨幣市場基金(台幣)
FA3,遠東大聯全球債券基金
FA4,德銀遠東DWS亞洲基金(台幣)
FA5,德銀遠東DWS全球原物料能源基金(台幣)
FA6,德銀遠東DWS全球神農基金
FA7,德銀遠東DWS亞洲高收益債券基金(累積型)
FA8,德銀遠東DWS亞洲高收益債券基金(月配息型)
FD1,富達台灣基金(台幣)
FD2,富達台灣成長基金(台幣)
FD3,富達飛鷹全球債券基金(台幣)
FD4,富達世界債券基金
FD5,富達亞洲總報酬基金A股(累積)(新臺幣)
FD6,富達亞洲總報酬基金A股(月配息)(新臺幣)
FD7,富達亞洲高收益債券基金A股(累積)(新臺幣)
FD8,富達亞洲高收益債券基金A股(月配息)(新臺幣)
FE0,富達亞洲總報酬基金A股(累積)(美元)
FE1,富達亞洲總報酬基金A股(月配息)(美元)
FE2,富達亞洲高收益債券基金A股(累積)(美元)
FE3,富達亞洲高收益債券基金A股(月配息)(美元)
FF0,富達亞洲總報酬基金A股(累積)(人民幣避險)
FF1,富達亞洲總報酬基金A股(月配息)(人民幣避險)
FF2,富達亞洲高收益債券基金A股(累積)(人民幣避險)
FF3,富達亞洲高收益債券基金A股(月配息)(人民幣避險)
FH1,富邦歐亞絲路多重資產型基金A(不配息)(新臺幣)
FH2,富邦歐亞絲路多重資產型基金B(月配息)(新臺幣)
FK0,(百元基金)富蘭克林華美中國消費基金
FK1,(百元基金)富蘭克林華美第一富基金(台幣)
FK2,(百元基金)富蘭克林華美富蘭克林全球債券組合基金(累積型)(台幣)
FK3,(百元基金)富蘭克林華美坦伯頓全球股票組合基金(台幣)
FK4,(百元基金)富蘭克林華美新世界股票基金
FK5,富蘭克林華美富蘭克林全球債券組合基金(月配息型)
FK6,(百元基金)富蘭克林華美新興趨勢傘型基金之天然資源組合基金
FK7,富蘭克林華美新興趨勢傘型基金之新興市場股票組合基金
FK8,(百元基金)富蘭克林華美新興趨勢傘型基金之積極回報債券組合基金-累積型
FK9,富蘭克林華美新興趨勢傘型基金之積極回報債券組合基金(月配息型)
FKA,富蘭克林華美全球高收益債券基金-C分配型(台幣)
FKB,富蘭克林華美目標2027組合基金(新臺幣)
FKC,富蘭克林華美目標2037組合基金(新臺幣)
FKD,富蘭克林華美目標2047組合基金(新臺幣)
FL0,(百元基金)富蘭克林華美中華基金
FL1,(百元基金)富蘭克林華美高科技基金
FL2,(百元基金)富蘭克林華美傳產基金
FL3,(百元基金)富蘭克林華美全球高收益債券基金-累積型
FL4,富蘭克林華美全球高收益債券B基金-分配型(月配息)
FL5,富蘭克林華美全球投資級債券基金(累積)
FL6,富蘭克林華美全球投資級債券基金(月配息)
FL7,(百元基金)富蘭克林華美中國A股基金
FL8,富蘭克林華美貨幣市場基金
FL9,富蘭克林華美多重收益平衡基金(累積)
FLA,富蘭克林華美全球高收益債券基金-C分配型(美元)
FLB,富蘭克林華美目標2027組合基金(美元)
FLC,富蘭克林華美目標2037組合基金(美元)
FLD,富蘭克林華美目標2047組合基金(美元)
FM0,富蘭克林華美多重收益平衡基金(月配息)
FN0,富蘭克林華美全球高收益債券基金-C分配型(人民幣)
FU0,富鼎大不同基金
FU1,中國信託半導體科技基金
FU2,富鼎大三元基金
FU3,中國信託精穩基金
FU4,富鼎新興中小基金
FU5,富鼎富鼎基金
FU6,中國信託益利信貨幣市場基金(台幣)
FU7,富鼎優質債券基金
FU8,富鼎大台灣基金(台幣)
FU9,富鼎寶馬基金
FV0,富鼎亞美基金
FV1,富鼎精選組合基金(台幣)
FV2,中國信託華盈貨幣市場基金(台幣)
FV3,富鼎優選平衡基金
FV4,富鼎全球收益組合基金
FV5,富鼎全球永安平衡基金(台幣)
FV6,中國信託全球固定收益組合基金(台幣)
FV7,中國信託台灣優勢基金
FV8,中國信託台灣活力基金
G01,豐盛華信環宇資本增長基金
G02,豐盛華信環宇全球基金
G03,豐盛華信環宇資源基金
GH0,建弘美國科技基金
GH1,第一金泛太基金
GH2,第一金馬來西亞基金
GH3,第一金店頭市場基金
GH4,第一金全球台商基金
GH5,第一金小型精選基金
GH6,第一金電子基金
GH7,建弘價值基金
GH8,第一金亞洲科技基金
GH9,建弘廣福基金
GI0,第一金亞洲新興市場基金
GI1,第一金福王基金
GI2,第一金全家福貨幣市場基金
GI3,第一金台灣貨幣市場基金
GI4,第一金大中華基金
GI5,建弘高股息平衡基金
GI6,第一金中概平衡基金
GI7,建弘全球平衡組合基金
GI8,第一金旗艦基金
GI9,第一金全球不動產證券化A基金
GJ0,第一金台灣成長基金
GJ1,第一金金鑽基金
GJ2,第一金全球大趨勢基金
GJ3,第一金創新趨勢基金
GJ4,第一金全球高收益債券基金A
GJ5,第一金全球高收益債券基金B(配息)
GJ6,第一金全球企業社會責任投資等級債券基金A
GJ7,第一金全球企業社會責任投資等級債券基金B(配息)
GJ8,第一金中國世紀基金
GJ9,第一金全球不動產證券化基金B(配息)
GK0,第一金全球多重資產入息平衡基金A(累積)
GK1,第一金全球多重資產入息平衡基金B(配息)
GK2,第一金人民幣高收益債券基金(累積)
GK3,第一金人民幣高收益債券基金(配息)
GK4,第一金全球機器人及自動化產業基金
GK5,第一金全球FinTech金融科技基金
GKA,聯博新興亞洲收益基金-AA月配(美元)
GO0,金鼎全球雙贏基金
GO1,聯博大利基金(台幣)
GO2,匯達寶櫃基金
GO3,金鼎精銳基金
GO4,匯達行動基金
GO5,金鼎科技金融基金
GO6,匯達首選平衡基金(台幣)
GO7,聯博概念型基金(台幣)
GO8,聯博貨幣市場基金
GO9,金鼎鼎益基金(台幣)
GOA,聯博新興亞洲收益基金-A2累積(新臺幣)
GOB,聯博新興亞洲收益基金-AA月配(新臺幣)
GP0,金鼎鼎盈基金(台幣)
GP1,金鼎美國基金(台幣)
GP2,金鼎雙高基金(台幣)
GP3,匯達亞洲雙利基金(台幣)
GP4,聯博亞太地產A基金
GP5,聯博新興市場企業債券基金A2
GP6,聯博新興市場企業債券基金AA
GP7,聯博債券收益組合基金A2
GP8,聯博債券收益組合基金AA配息
GP9,聯博多元資產收益組合基金A2
GPA,聯博全球高收益債券基金T2累積(人民幣)
GPB,聯博新興亞洲收益基金-AA月配(人民幣)
GQ0,聯博多元資產收益組合基金AD配息
GQ1,聯博亞太多重資產基金A2
GQ2,聯博亞太多重資產基金AD(月配)
GQ3,聯博全球高收益債券基金T2累積(新台幣)
GQ4,聯博全球高收益債券基金TA月配(新台幣)
GQ5,聯博歐洲多重資產基金A2
GQ6,聯博歐洲多重資產基金AD月配
GS1,高盛亞洲基金
GS2,高盛歐洲基金
GS3,高盛歐洲特選基金
GS4,高盛全球股票基金
GS5,高盛日本基金
GS6,高盛全球科技基金
GS7,高盛美國核心SM股票基金
GS8,高盛全球固定收益基金
GS9,高盛日本小型企業基金
GT0,高盛美國債券基金
GT1,高盛全球高收益債券基金
H01,復華有利貨幣市場基金(台幣)
H02,(百元基金)復華復華基金(台幣)
H03,(百元基金)復華高成長基金
H04,(百元基金)復華傳家基金
H05,(百元基金)復華數位經濟基金(台幣)
H06,(百元基金)復華傳家2號基金
H07,(百元基金)復華中小精選基金
H08,復華貨幣市場基金(台幣)
H09,復華信天翁債券基金
H10,(百元基金)復華全球債券基金(台幣)
H11,(百元基金)復華人生目標基金(台幣)
H12,(百元基金)復華全球平衡基金(台幣)
H13,(百元基金)復華神盾基金(台幣)
H14,(百元基金)復華奧林匹克全球組合A基金(台幣)
H15,(百元基金)復華全方位基金(台幣)
H16,(百元基金)復華亞太平衡證券投資信託基金(台幣)
H17,(百元基金)復華全球債券組合基金(台幣)
H18,(百元基金)復華亞太成長基金
H19,(百元基金)復華全球資產證券化基金A(台幣)
H20,復華全球資產證券化基金B(季配息)(台幣)
H21,(百元基金)復華奧林匹克全球優勢組合基金(台幣)
H22,(百元基金)復華全球大趨勢基金
H23,(百元基金)復華華人世紀基金
H24,(百元基金)復華全球短期收益基金(臺幣)
H25,(百元基金)復華高益策略組合基金
H26,(百元基金)復華全球原物料基金
H27,(百元基金)復華新興債股動力組合基金(新臺幣)
H28,(百元基金)復華大中華中小策略基金
H29,(百元基金)復華新興市場短期收益基金
H30,(百元基金)復華新興市場高收益債券基金A
H31,復華新興市場高收益債券基金B(月配息)
H32,(百元基金)復華東協世紀基金
H33,(百元基金)復華全球消費基金
H34,(百元基金)復華美國新星基金
H35,(百元基金)復華新興人民幣短期收益基金(台幣)
H36,(百元基金)復華全球戰略配置強基金(新臺幣)
H37,復華全球物聯網科技基金(新臺幣)
HS0,匯豐環球投資基金-泰國股票
HS1,匯豐環球投資基金-印度股票
HS2,匯豐環球投資基金-經濟規模指數美國股票
HS3,匯豐美國股票機會基金
HS4,匯豐環球投資基金-歐洲股票基金
HS5,匯豐歐元區股票機會基金
HS6,匯豐環球投資基金-歐洲股票(英國除外)
HS7,匯豐環球投資基金-環球債券
HS8,匯豐環球投資基金-美元債券
HS9,匯豐英國股票基金
I01,SIS精選國際債券基金
I02,SIS精選國際股票基金
I03,SIS精選國際新興股市基金
I04,SIS精選國際中小企業基金
I05,SIS精選國際營建股票基金
IN1,天達美國股票基金C收益股份(配息)
IN2,天達歐洲股票基金C收益股份(配息)
IN3,天達環球能源基金C收益股份(配息)
IN4,天達環球策略股票基金C收益股份(配息)
IN5,天達環球增長基金(配息)
IN6,天達日本股票基金(配息)
IN7,天達目標回報債券基金C收益股份(配息)
IN8,天達環球策略收益基金C2(月配息)
IN9,天達美元債券基金(配息)
IO0,天達投資評級公司債券基金C2(月配息)(美元)
IO1,天達美元貨幣基金A收益股份(配息)
IO2,天達歐元貨幣基金A收益股份(配息)
IO3,天達歐洲債券基金(配息)
IO4,天達歐洲高收益債券基金C2(月配息)
IO5,天達英國ALPHA基金C收益股份(配息)
IO6,天達環球黃金基金C收益股份(配息)
IO7,天達環球動力基金C收益股份(配息)
IO8,天達環球策略管理基金C收益股份(配息)
IO9,天達理財貨幣基金C收益股份(配息)
IP0,天達美元貨幣基金A收益股份(配權)
IP1,天達歐元貨幣基金A收益股份(配權)
IP2,天達理財貨幣基金C收益股份(配權)
IP3,天達美元債券基金(配權)
IP4,天達投資評級公司債券基金C2(配權)(美元)
IP5,天達歐洲高收益債券基金C2(配權)
IP6,天達目標回報債券基金C收益股份(配權)
IP7,天達環球策略收益基金C2(配權)
IP8,天達歐洲債券基金(配權)
IP9,天達環球策略管理基金C收益股份(配權)
IQ0,天達美國股票基金C收益股份(配權)
IQ1,天達環球策略股票基金C收益股份(配權)
IQ2,天達環球增長基金(配權)
IQ3,天達歐洲股票基金C收益股份(配權)
IQ4,天達環球能源基金C收益股份(配權)
IQ5,天達日本股票基金(配權)
IQ6,天達英國ALPHA基金C收益股份(配權)
IQ7,天達環球黃金基金C收益股份(配權)
IQ8,天達環球動力基金C收益股份(配權)
IQ9,天達亞洲股票基金C收益股份(配權)
IR0,天達英鎊貨幣基金A收益股份(配權)
IR1,天達亞洲股票基金C收益股份(年配息)
IR2,天達英鎊貨幣基金A收益股份(半年配息)
IR3,天達投資評級公司債券基金C2(月配息)(歐元避險配息)
IR4,天達投資評級公司債券基金C2(配權)(歐元避險)
IR5,天達新興市場當地貨幣債券基金C2(月配息)
IR6,天達新興市場當地貨幣債券基金C2(月配權)
IR7,天達環球天然資源基金C收益股份(年配息)
IR8,天達環球天然資源基金C收益股份(年配權)
IR9,天達拉丁美洲公司債券基金C2(月配息)
IS0,天達環球特許品牌基金C收益股份(配息)
IS1,兆豐國際安盈基金(台幣)
IS2, 兆豐國際全球基金(台幣)
IS3,兆豐國際精選二十基金(台幣)
IS4,兆豐國際國民基金(台幣)
IS5,兆豐國際寶鑽貨幣市場基金
IS6,兆豐國際豐台灣基金
IS7,兆豐國際綠鑽基金
IS8,兆豐國際ETF趨勢組合基金
IT0,兆豐國際第一基金
IT1,兆豐國際萬寶基金(台幣)
IT2,兆豐國際萬能基金(台幣)
IT3,兆豐國際金龍基金(台幣)
IT4,兆豐國際萬通基金(台幣)
IT5,兆豐國際萬華基金(台幣)
IT6,兆豐國際中小基金(台幣)
IT7,兆豐國際電子基金(台幣)
IT8,兆豐國際萬全基金(台幣)
IT9,兆豐國際生命科學基金
IU0,天達拉丁美洲公司債券基金C2(月配權)
IU1,天達環球特許品牌基金C收益股份(配權)
IU2,天達歐洲高收益債券基金C2(配權)(美元)
IU3,天達歐洲高收益債券基金C2(配權)(美元避險)
IU4,天達歐洲高收益債券基金C2(月配息)(美元)
IU5,天達歐洲高收益債券基金C2(月配息)(美元避險)
IU6,天達投資評級公司債券基金C2(月配息)(澳幣避險)
IU7,天達投資評級公司債券基金C2(月配權)(澳幣避險)
IU8,天達投資評級公司債券基金C2(月配息)(南非幣避險)
IU9,天達投資評級公司債券基金C2(月配權)(南非幣避險)
IV0,天達歐洲高收益債券基金C2(月配息)(澳幣避險)
IV1,天達歐洲高收益債券基金C2(月配權)(澳幣避險)
IV2,天達歐洲高收益債券基金C2(月配息)(南非幣避險)
IV3,天達歐洲高收益債券基金C2(月配權)(南非幣避險)
IV4,天達環球策略管理基金C2(月配息)(美元)
IV5,天達環球策略管理基金C2(月配權)(美元)
IV6,天達環球策略管理基金C2(月配息)(澳幣避險)
IV7,天達環球策略管理基金C2(月配權)(澳幣避險)
IV8,天達環球策略管理基金C2(月配息)(南非幣避險)
IV9,天達環球策略管理基金C2(月配權)(南非幣避險)
IW0,天達新興市場公司債券基金C2(月配息)(美元)
IW1,天達新興市場公司債券基金C2(月配權)(美元)
IW2,天達新興市場公司債券基金C累積股份(配息帳戶)(美元)
IW3,天達新興市場公司債券基金C累積股份(配權帳戶)(美元)
IW4,天達新興市場公司債券基金C2(月配息)(南非幣避險)
IW5,天達新興市場公司債券基金C2(月配權)(南非幣避險)
IW6,天達新興市場公司債券基金C2(月配息)(澳幣避險)
IW7,天達新興市場公司債券基金C2(月配權)(澳幣避險) 
IW8,天達環球動力股息基金C2(月配息)(美元)
IW9,天達環球動力股息基金C2(月配權)(美元) 
IX0,天達環球動力股息基金C累積股份(配息帳戶)(美元)
IX1,天達環球動力股息基金C累積股份(配權帳戶)(美元)
IX2,天達環球動力股息基金C2(月配息)(澳幣避險IRD)
IX3,天達環球動力股息基金C2(月配權)(澳幣避險IRD)
IX4,天達環球動力股息基金C2(月配息)(南非幣避險IRD)
IX5,天達環球動力股息基金C2(月配權)(南非幣避險IRD)
IX6,天達歐洲股票基金C累積股份(配息帳戶)(美元避險)
IX7,天達歐洲股票基金C累積股份(配權帳戶)(美元避險)
IX8,天達美元貨幣基金 C 收益股份
IX9,天達環球多元資產收益基金C2(配權)
IY0,天達環球多元資產收益基金C2(月配息)
IY1,天達環球特許品牌基金C2(月配息)
IY2,天達環球特許品牌基金C2(月配權)
IY3,天達環球特許品牌基金C2(月配息)(澳幣避險 IRD)
IY4,天達環球特許品牌基金C2(月配權)(澳幣避險 IRD)
IY5,天達環球特許品牌基金C2(月配息)(南非幣避險IRD)
IY6,天達環球特許品牌基金C2(月配權)(南非幣避險IRD)
IY7,天達環球特許品牌基金C累積股份(配息帳戶)(美元避險)
IY8,天達環球特許品牌基金C累積股份(配權帳戶)(美元避險) 
IY9,天達環球股票入息基金C累積股份(配權帳戶)
IZ0,天達環球股票入息基金C累積股份(配息帳戶)(美元避險)
IZ1,天達環球股票入息基金C累積股份(配權帳戶)(美元避險)
IZ2,天達環球股票入息基金C3(月配息)
IZ3,天達環球股票入息基金C3(月配權)
IZ4,天達環球股票入息基金C3(月配息)(美元避險) 
IZ5,天達環球股票入息基金C3(月配權)(美元避險)
IZ6,天達環球策略股票基金C累積股份(配息帳戶)(美元避險)
IZ7,天達環球策略股票基金C累積股份(配權帳戶)(美元避險)
J00,摩根亞太入息基金-JPM-A股每月派息(美元)
J01,摩根日本(日圓)基金
J02,摩根日本小型企業(日圓)基金
J03,摩根日本科技基金
J04,怡富日本忍者槓桿基金
J05,JF日本認股權證基金
J06,摩根日本店頭市場基金
J07,(百元基金)摩根東協基金
J08,(百元基金)摩根東方基金
J09,摩根香港
J0A,(百元基金)摩根多重收益基金-JPM-A股累計(美元對沖)
J0C,摩根環球高收益債券基金-JPM-A股利率入息(澳幣對沖)
J0D,摩根多重收益基金-JPM-A股利率入息(澳幣對沖)
J0E,摩根新興市場企業債券基金-JPM-A股每季派息(歐元對沖)
J0F,(百元基金)摩根新興市場企業債券基金-JPM-A股累計(美元)
J0G,摩根新興市場企業債券基金-JPM-A股每月派息(美元)
J0H,摩根新興市場企業債券基金-JPM-A股利率入息(澳幣對沖)
J0I,摩根環球均衡基金-JPM-A股累計(美元對沖)
J0J,(百元基金)摩根歐洲動力基金-JPM-A股累計(美元)
J0K,摩根日本股票基金-JPM-A股累計(日圓)
J0L,(百元基金)摩根日本股票基金-JPM-A股累積(美元對沖)
J0M,(百元基金)摩根歐洲小型企業基金-JPM-A股累計(美元)
J0N,摩根歐元貨幣基金-JPM-A股累計
J0O,摩根歐洲動力基金-JPM-A股累計(澳幣對沖)
J0P,摩根亞太入息基金-JPM-A股利率入息(澳幣對沖)
J0Q,摩根美國基金-JPM-A股累計(澳幣)
J0R,摩根美國基金-JPM-A股累計(澳幣對沖)
J0S,(百元基金)摩根亞太股票基金-JPM-A股累計(美元)
J0T,(百元基金)摩根環球醫療科技基金-JPM-A股累計(美元)
J0U,摩根美元貨幣基金-A股累積
J0V,摩根新興市場本地貨幣債券基金-JPM-A股利率入息(澳幣對沖)
J0W,摩根新興市場債券基金-JPM-A股利率入息(澳幣對沖)
J0X,(百元基金)摩根歐洲發現基金-JPM-A股PERF累計(美元)
J0Y,(百元基金)摩根歐洲動力基金-JPM-A股累計(美元對沖)
J0Z,(百元基金)摩根日本(日圓)基金-累積(美元對沖)
J10,(百元基金)摩根馬來西亞基金
J11,(百元基金)摩根菲律賓基金
J12,(百元基金)摩根泰國基金
J13,摩根東方小型企業基金
J14,(百元基金)摩根南韓基金
J15,(百元基金)摩根亞太入息基金-JPM-A股分派(美元)
J16,JF太平洋小型企業基金
J17,(百元基金)摩根太平洋證券基金
J18,摩根澳洲基金
J19,怡富遠東認股權證基金
J1A,摩根歐洲策略股息基金-JPM-A股累計(歐元)
J1B,摩根歐洲策略股息基金-JPM-A股每月派息(美元對沖)
J1C,(百元基金)摩根歐洲策略股息基金-JPM-A股累計(美元對沖)
J1D,摩根多重收益基金-JPM-A股累計(澳幣對沖)
J1E,摩根策略總報酬基金-JPM-A股累計(歐元)
J1F,(百元基金)摩根策略總報酬基金-JPM-A股累計(美元對沖)
J1G,(百元基金)摩根歐洲小型企業基金-JPM-A股累計(美元對沖)
J1H,(百元基金)摩根美國基金-JPM-A股分派(美元)
J1I,摩根歐洲動力基金-JPM-A股分派(歐元)
J1J,(百元基金)摩根環球靈活策略股票基金-JPM-A股分派
J1K,摩根美元貨幣基金-JPM-A股累計(美元)
J1L,(百元基金)摩根美國小型企業基金-JPM-A股PERF分派(美元)
J1M,摩根歐元貨幣基金-JPM-A股累計(歐元)
J1N,(百元基金)摩根美國科技基金-JPM-A股分派(美元)
J1O,(百元基金)摩根美國價值基金-JPM-A股分派(美元)
J1P,摩根新興歐洲股票基金-JPM-A股分派(歐元)
J1Q,摩根歐洲小型企業基金-JPM-A股分派(歐元)
J1R,(百元基金)摩根拉丁美洲基金-JPM-A股分派(美元)
J1S,摩根歐洲動力科技基金-JPM-A股分派(歐元)
J1T,摩根德國增長基金-JPM-A股分派(歐元)
J1U,摩根策略總報酬基金-JPM-A股累計(澳幣對沖) 
J20,怡富紐西蘭基金
J21,(百元基金)摩根印度基金
J22,摩根歐元區股票基金-JPM-A股分派(美元)
J23,(百元基金)摩根歐洲基金-JPM-A股分派(美元)
J24,摩根德國增長
J25,怡富歐洲債券基金
J26,(百元基金)摩根美國基金
J27,摩根國際債券基金
J28,怡富國際兌換證券基金
J29,(百元基金)摩根環球靈活策略股票基金
J30,怡富物資致富基金
J31,怡富黃金致富基金
J32,怡富忍者基金
J33,怡富理財貨幣基金
J34,摩根-美元基金
J35,怡富貨幣基金-日圓
J36,怡富貨幣基金-馬克
J37,怡富拉丁美洲致富基金
J38,怡富南非致富基金
J39,怡富日本還本收益基金
J40,怡富日本還本收益基金(英鎊)
J41,怡富全球債券信託基金
J42,怡富印尼基金
J43,怡富亞洲新興市場基金
J44,怡富亞洲增長組合基金
J45,怡富環球增長組合基金
J46,摩根新興歐洲股票基金(歐元)
J47,摩根太平洋科技基金
J48,(百元基金)摩根美國科技基金
J49,摩根歐洲科技基金
J50,摩根歐洲小型企業基金
J51,(百元基金)摩根美國小型企業基金-A股PERF(分配)
J52,(百元基金)摩根美國價值基金
J53,(百元基金)摩根拉丁美洲基金
J54,摩根歐洲動力基金
J55,摩根-歐元基金
J56,摩根美國動力基金
J57,摩根歐洲動力巨型企業基金
J58,摩根歐洲策略成長基金-JPM-A股分派(歐元)
J59,摩根歐洲策略價值基金-JPM-A股分派(歐元)
J60,(百元基金)摩根美國企業成長基金-JPM-A股分派(美元)
J61,(百元基金)摩根新興中東基金-JPM-A股分派(美元)
J62,摩根環球天然資源基金-JPM-A股分派(歐元)
J63,(百元基金)摩根美國複合收益債券基金-JPM-A股入息(美元)
J64,摩根環球地產入息基金
J65,摩根歐元區股票基金-JPM-A股分派(歐元)
J66,摩根歐洲基金-JPM-A股分派(歐元)
J67,(百元基金)摩根新興歐洲、中東及非洲基金-JPM-A股分派(美元)
J68,摩根新興市場債券基金-JPM-A股入息(歐元對沖)
J69,摩根歐洲發現基金-JPM-A股PERF累計(歐元)
J70,摩根環球發現基金-JPM-A股分派(歐元)
J71,摩根日本優勢股票基金-JPM-A股累計(日圓)
J72,摩根環球均衡基金(美元) 
J73,摩根環球高收益債券基金-JPM-A股累計(歐元對沖)
J74,摩根環球可換股證券基金-JPM-A股分派(歐元對沖)
J75,摩根環球可換股證券基金-JPM-A股分派(美元)
J76,摩根新興市場債券基金-JPM-A股每月派息(歐元對沖)
J77,(百元基金)摩根環球高收益債券基金-JPM-A股累計(美元)
J78,摩根環球高收益債券基金-JPM-A股每月派息(美元)
J79,(百元基金)摩根全方位新興市場基金-JPM-A股分派(美元)
J80,(百元基金)摩根中國基金-JPM-A股分派(美元)
J81,(百元基金)摩根大中華基金-JPM-A股分派(美元)
J82,(百元基金)摩根亞洲增長基金
J83,(百元基金)摩根巴西基金-JPM-A股累計(美元)
J84,(百元基金)摩根俄羅斯基金-JPM-A股分派(美元)
J85,(百元基金)摩根新興市場本地貨幣債券基金-JPM-A股累計(美元)
J86,摩根新興市場本地貨幣債券基金-JPM-A股每月派息(美元)
J87,(百元基金)摩根環球天然資源基金-JPM-A股累計(美元)
J88,摩根新興市場債券基金-JPM-A股每月派息(美元)
J89,(百元基金)摩根新興市場債券基金-JPM-A股累計(美元)
J90,摩根美國複合收益債券基金-JPM-A股每月派息(美元)
J91,(百元基金)摩根新興市場小型企業基金-JPM-A股PERF累計(美元)
J92,(百元基金)摩根環球企業債券基金-JPM-A股累計(美元)
J93,摩根環球企業債券基金-JPM-A股每月派息(美元)
J94,(百元基金)摩根美國複合收益債券基金-JPM-A股累計(美元)
J95,(百元基金)摩根環球短債基金-JPM-A股累計(美元)
J96,(百元基金)摩根非洲基金-JPM-A股PERF累計(美元)
J97,摩根多重收益基金-JPM-A股每季派息(歐元)
J98,摩根多重收益基金-JPM-A股每季派息(美元對沖)
J99,摩根多重收益基金-JPM-A股每月派息(美元對沖)
JA1,駿利策略Alpha基金A(累計)(美元)
JA2,駿利策略Alpha基金A(累計)(歐元對沖)
JA3,駿利美國20基金A累計(美元)
JA4,駿利美國20基金A累計(歐元對沖)
JA5,駿利美國創業基金A累計(美元)
JA6,駿利美國創業基金A累計(歐元對沖)
JA7,駿利環球生命科技基金A累計(美元)
JA8,駿利環球生命科技基金A累計(歐元對沖)
JA9,駿利平衡基金A累計(美元)
JB0,駿利平衡基金A累計(歐元對沖)
JB1,駿利靈活入息基金A入息(美元)
JB2,駿利靈活入息基金A累計(美元)
JB3,駿利靈活入息基金A累計(歐元對沖)
JB4,駿利高收益基金A入息(美元)
JB5,駿利高收益基金A累計(美元)
JB6,駿利高收益基金A累計(歐元對沖)
JB7,駿利美國短期債券基金A入息(美元)
JB8,駿利美國短期債券基金A累計(美元)
JB9,駿利美國短期債券基金A累計(歐元對沖)
JC0,駿利美元儲備基金A1(配息)
JC1,駿利美元儲備基金A2
JC2,駿利歐元儲備基金A2
JC3,駿利環球基本分析股票基金A累計(美元)
JC4,駿利環球基本分析股票基金A累計(歐元)
JC5,柏智美國策略價值基金A累計(美元)
JC6,柏智美國策略價值基金A累計(歐元對沖)
JC7,駿利環球科技基金A累計(美元)
JC8,駿利環球科技基金A累計(歐元對沖)
JC9,英達美國重點基金A累計(美元)
JD0,英達美國重點基金A累計(歐元對沖)
JD1,駿利策略Alpha基金B累計(美元)
JD2,駿利策略Alpha基金B累計(歐元)
JD3,駿利美國20基金B累計(美元)
JD4,駿利美國20基金B累計(歐元)
JD5,駿利美國創業基金B累計(美元)
JD6,駿利美國創業基金B累計(歐元)
JD7,駿利環球生命科技基金B累計(美元)
JD8,駿利環球生命科技基金B累計(歐元)
JD9,駿利平衡基金B累計(美元)
JE0,駿利美國平衡基金B累計(歐元)
JE1,駿利靈活入息基金B入息(美元)
JE2,駿利靈活入息基金B累計(美元)
JE3,駿利美國靈活入息基金B累計(歐元)
JE4,駿利高收益基金B入息(美元)
JE5,駿利高收益基金B累計(美元)
JE6,駿利美國高收益基金B累計(歐元)
JE7,駿利美國短期債券基金B入息(美元)
JE8,駿利美國短期債券基金B累計(美元)
JE9,駿利美國短期債券基金B累計(歐元)
JF0,摩根富林明新美國基金
JF1,(百元基金)摩根台灣增長基金
JF2,(百元基金)摩根新興日本基金
JF3,(百元基金)摩根新興科技基金
JF4,(百元基金)摩根亞洲基金
JF5,(百元基金)摩根龍揚基金
JF6,(百元基金)摩根東方科技基金
JF7,(百元基金)摩根大歐洲基金
JF8,(百元基金)摩根中小基金
JF9,摩根價值成長基金
JG0,駿利平衡基金A股入息(美元)
JG1,駿利平衡基金A股入息(歐元對沖)
JG2,駿利平衡基金A股入息(澳幣對沖)
JJ0,(百元基金)摩根絕對日本基金
JJ1,摩根全球通網基金
JJ2,(百元基金)摩根平衡基金
JJ3,摩根第一貨幣市場基金
JJ4,摩根台灣貨幣市場基金
JJ5,摩根安家理財基金
JJ6,(百元基金)摩根全球平衡基金
JJ7,摩根台灣微型基金
JJ8,(百元基金)摩根全球α基金
JJ9,(百元基金)摩根亞太高息平衡基金(累積型)
JK0,駿利美元儲備基金B1(配息)
JK1,駿利美元儲備基金B2
JK2,駿利歐元儲備基金B2
JK3,駿利靈活入息基金B入息(歐元對沖)
JK4,駿利高收益基金B入息(歐元對沖)
JK5,駿利環球基本分析股票基金B累計(美元)
JK6,駿利環球基本分析股票基金B累計(歐元)
JK7,柏智美國策略價值基金B累計(美元)
JK8,柏智美國策略價值基金B累計(歐元)
JK9,駿利環球科技基金B累計(美元)
JL0,駿利環球科技基金B累計(歐元)
JL1,英達美國重點基金B累計(美元)
JS0,匯豐環球英鎊債券基金
JS1,匯豐環球投資基金-英國股票基金
JS9,匯豐環球投資基金-美元儲備
K01,野村貨幣市場基金
K02,荷銀精選主流證券投資信託基金
K03,荷銀店頭證券投資信託基金
K04,(百元基金)野村新馬基金
K05,野村日本基金
K06,(百元基金)野村泰國基金
K07,荷銀中小企業基金
K08,荷銀安泰基金
K09,(百元基金)野村高科技基金
K10,荷銀安利基金
K11,野村精選貨幣市場基金
K12,野村鴻揚貨幣市場基金
K13,安泰ING台灣債券基金
K14,安泰ING安信基金
K15,安泰ING全球首選基金
K16,安泰ING全球安穩平衡基金
K17,安泰ING盛利基金
K18,(百元基金)野村台灣高股息基金
K19,(百元基金)野村台灣運籌基金
K20,野村環球基金
K21,(百元基金)野村鴻利基金
K22,(百元基金)野村積極成長基金
K23,(百元基金)野村鴻運基金
K24,荷銀亞洲增長保本基金
K25,野村全球高股息基金(季配)
K26,野村歐洲高股息基金(季配)
K27,野村全球不動產證券化基金(月配)
K28,野村亞太高股息基金(季配)
K29,安泰ING歐洲不動產證券化基金(累積型)
K30,安泰ING歐洲不動產證券化基金(月配息)
K31,(百元基金)野村全球氣候變遷基金
K32,(百元基金)野村中東非洲基金
K33,(百元基金)野村大俄羅斯基金
K34,野村韓國基金
K35,(百元基金)野村中國機會基金
K36,(百元基金)野村全球美元投資級公司債基金(累積)
K37,野村全球美元投資級公司債基金(月配)
K38,(百元基金)野村巴西基金
K39,(百元基金)野村新興高收益債組合基金(累積)
K40,野村新興高收益債組合基金(月配)
K41,(百元基金)野村印度潛力基金
K42,(百元基金)野村印尼潛力基金
K43,(百元基金)野村亞太複合高收益債基金(累積)
K44,野村亞太複合高收益債基金(月配)
K45,野村金磚七國基金
K46,(百元基金)野村環球高收益債基金(累積)
K47,野村環球高收益債基金(月配)
K48,野村日本領先基金
K49,野村全球短期收益基金(新臺幣)
K50,野村亞太新興債券基金(新臺幣)(累積)
K51,野村亞太新興債券基金(新臺幣)(月配)
K52,野村亞太收益多重資產基金(累積)(新臺幣)
K53,野村亞太收益多重資產基金(月配)(新臺幣)
KA1,法巴L1新興亞洲股票基金
KA2,荷銀歐洲股票基金(歐元)
KA3,法巴L1德國股票基金
KA4,荷銀日本股票基金
KA5,荷銀拉丁美洲股票基金
KA6,法巴L1美國增長股票基金
KA7,荷銀歐元債券股息分發基金
KA8,荷銀美國債券基金
KA9,荷銀歐洲股票基金(美元)
KB0,荷銀資訊科技基金
KB1,荷銀能源基金
KB2,荷銀全球增長股票基金
KB3,荷銀全球新興市場股票基金
KB4,荷銀歐元股票基金
KB5,荷銀義大利股票基金
KB6,荷銀荷蘭股票基金
KB7,荷銀歐元債券基金(歐元)
KB8,法巴L1亞洲(日本除外)債券基金
KB9,荷銀歐元債券基金(配息)(歐元)
KD1,荷銀生物科技基金
KD2,法巴L1歐洲增長股票基金
KD3,荷銀歐洲小型企業股票基金
KD4,荷銀收益基金(歐元)
KD5,荷銀收益基金(美元)
KD6,荷銀健康護理基金
KD7,法巴L1全球高收益債券基金(歐元)
KD8,法巴L1亞洲(日本除外)債券基金(經典配息(月))(美元)
KG0,凱基亞洲四金磚基金
KG1,凱基開創基金
KG2,凱基創星基金
KG3,凱基凱旋貨幣市場基金
KG4,凱基先進基金
KG5,凱基精算家基金
KG6,凱基長盛基金
KG7,凱基GAMA策略組合基金
KG8,凱基藍海策略基金
KG9,凱基大中華基金
L01,聯博國際醫療基金
L02,聯博美國成長基金
L03,聯博美國收益基金A2股(美元)
L04,聯博新興市場成長基金(美元)
L05,聯博全球成長趨勢基金(美元)
L06,大聯國際民營化基金
L07,聯博國際科技基金
L0A,聯博全球債券基金AA(穩定月配)級別美元
L0B,聯博全球債券基金AA(穩定月配)澳幣避險級別
L0C,聯博全球高收益債券基金AA(穩定月配)南非幣避險級別
L0D,聯博美國收益基金AA(穩定月配)南非幣避險級別
L0E,聯博新興市場債券基金AA(穩定月配)南非幣避險級別
L0F,聯博全球高收益債券基金AT股加幣避險
L0G,聯博全球價值型基金AD股美元
L0H,聯博美國成長基金AD股美元
L0I,聯博全球價值型基金AD股南非幣避險
L0J,聯博全球價值型基金AD股澳幣避險
L0K,聯博房貸收益基金AA(穩定月配)南非幣避險級別
L0L,聯博房貸收益基金AA(穩定月配)級別美元
L0M,聯博房貸收益基金AA(穩定月配)澳幣避險級別
L0N,聯博亞洲股票基金AD月配南非幣避險級別
L0O,聯博中國時機基金AD月配級別美元
L0P,聯博中國時機基金AD月配澳幣避險級別
L0Q,聯博中國時機基金AD月配南非幣避險級別
L0R,聯博新興市場多元收益基金A股美元
L0S,聯博新興市場多元收益基金AD股月配美元
L0T,聯博新興市場多元收益基金AD股月配澳幣避險
L0U,聯博日本策略價值基金AD月配美元避險級別
L0V,聯博歐洲股票基金AD月配美元避險級別
L0Z,聯博美國成長基金AD月配南非幣避險級別
L10,聯博印度成長AX股基金(美元)
L11,大聯全球平衡基金A2股(美元)
L12,聯博房貸收益基金A2X股
L13,聯博美國收益基金AT股
L14,聯博全球債券基金A2股(美元)
L15,聯博全球債券基金AT股
L16,聯博全球高收益債券基金A2股(美元)
L17,聯博全球高收益債券基金AT股
L18,聯博美國高收益債券基金A2股(美元)
L19,大聯美國小型基金(美元)
L1A,聯博成熟市場多元收益基金A級別美元
L1B,聯博成熟市場多元收益基金AD月配級別美元
L1C,聯博成熟市場多元收益基金AD月配澳幣避險級別
L1D,聯博成熟市場多元收益基金AD月配南非幣避險級別
L1E,聯博日本策略價值基金AD月配(日圓)
L1F,聯博日本策略價值基金AD月配(澳幣避險)
L1G,聯博新興市場多元收益基金 AD月配南非幣避險級別
L1H,聯博歐洲股票基金AD月配歐元級別
L1I,聯博日本策略價值基金AD月配(南非幣避險)
L1J,聯博前瞻主題基金AX股(美元)
L20,聯博全球不動產證券基金(美元)
L21,聯博美國收益基金A股
L22,聯博房貸收益基金AX股
L23,聯博全球平衡基金(美元)
L24,聯博全球債券基金A股(美元)
L25,聯博全球高收益債券基金A股(美元)
L26,聯博美國高收益債券基金AT股(美元)
L27,聯博歐元區股票基金AX股(歐元)
L28,聯博歐元區股票基金AX股(美元)
L29,聯博歐洲收益基金A2股歐元
L30,聯博歐洲收益基金A2股美元
L31,聯博歐洲收益基金AT股歐元
L32,聯博成熟市場多元收益基金A2X股(歐元)
L33,聯博成熟市場多元收益基金A2X(美元)
L34,聯博動態多元化AX-基金(歐元)
L35,聯博動態多元化基金(美元)
L36,聯博全球複合型股票基金(歐元)
L37,聯博全球複合型股票基金(美元)
L38,聯博全球價值型基金(歐元)
L39,聯博全球價值型基金(美元)
L40,聯博歐洲股票基金(歐元)
L41,聯博歐洲股票基金(美元)
L42,聯博印度成長基金A股
L43,聯博全球高收益債券基金AT股(歐元)
L44,聯博美國收益基金AT股(歐元)
L45,聯博全球債券基金AT股(歐元)
L46,聯博歐洲收益基金AT股(美元)
L47,聯博新興市場債券基金AT股(美元)
L48,聯博新興市場債券基金A2股(美元)
L49,聯博新興市場債券基金A2股(歐元)
L50,聯博中國時機基金A股(美元)
L51,聯博中國時機基金A股(歐元)
L52,聯博日本策略價值基金A股(日元)
L53,聯博日本策略價值基金A股(美元)
L54,聯博日本策略價值基金A股(歐元)
L55,聯博全球高收益債券基金A2股(歐元避險)
L56,聯博全球高收益債券基金AT股(歐元避險)
L57,聯博前瞻主題基金A股(美元)
L58,聯博前瞻主題基金A股(歐元)
L59,聯博美國成長基金A股(歐元避險)
L60,聯博新興市場債券基金A2股(歐元避險)
L61,聯博新興市場債券基金AT股(歐元避險)
L62,聯博全球債券基金A2股(歐元避險)
L63,聯博全球債券基金AT股(歐元避險)
L64,聯博新興市場債券基金AT股(澳幣避險)
L65,聯博新興市場成長基金A股(澳幣避險)
L66,聯博美國收益基金AT股(澳幣避險)
L67,聯博歐元區股票基金A股(歐元)
L68,聯博歐元區股票基金A股(美元)
L69,聯博前瞻主題基金A股澳幣避險
L70,聯博日本策略價值基金A股歐元避險
L71,聯博全球債券基金AT股澳幣避險
L72,聯博美國收益基金AT股歐元避險
L73,聯博歐洲收益基金AT股澳幣避險
L74,聯博歐洲收益基金AT股美元避險
L75,聯博全球高收益債券基金AT股澳幣避險
L76,聯博新興市場價值基金A股美元
L77,聯博新興市場價值基金A股歐元
L78,聯博亞洲股票基金A股美元
L79,聯博亞洲股票基金A股歐元
L80,聯博亞洲股票基金A股澳幣避險
L81,聯博亞洲股票基金AD股美元
L82,聯博亞洲股票基金AD股歐元
L83,聯博亞洲股票基金AD股澳幣避險
L84,聯博日本策略價值基金A股美元避險
L85,聯博精選美國股票基金A股美元
L87,聯博全球高收益債券基金AT股紐幣避險
L88,聯博美國收益基金AT股紐幣避險
L89,聯博新興市場債券基金AT股紐幣避險
L90,聯博全球債券基金AT股紐幣避險 
L91,聯博全球高收益債券基金AA(穩定月配)級別美元
L92,聯博全球高收益債券基金AA(穩定月配)澳幣避險級別
L93,聯博歐洲收益基金AA(穩定月配)級別歐元
L94,聯博歐洲收益基金AA(穩定月配)澳幣避險級別
L95,聯博歐洲收益基金AA(穩定月配)美元避險級別
L96,聯博美國收益基金AA(穩定月配)級別美元 
L97,聯博美國收益基金AA(穩定月配)澳幣避險級別
L98,聯博新興市場債券基金AA(穩定月配)級別美元 
L99,聯博新興市場債券基金AA(穩定月配)澳幣避險級別
M01,景順美國企業基金
M02,景順北美洲基金
M03,億順亞洲老虎增長基金
M04,億順美元儲備基金
M05,景順泛歐洲基金A(歐元)
M06,景順全歐洲企業基金A(歐元)
M07,景順新興歐洲股票基金C(美元)
M08,景順環球專題精選基金
M09,景順日本小型企業基金A(日圓)
M10,景順日本增長基金
M11,景順高額入息基金
M12,億順收益增長基金
M13,景順日本認股權證基金
M14,億順亞洲認股權證基金
M15,景順歐洲認股權證基金
M16,景順消閒基金A(美元)
M17,億順東協發展基金
M18,景順亞洲機遇股票基金C(美元)
M19,億順富士山基金
M20,景順東協基金A(年配)(美元)
M21,景順日本基金A(年配)(美元)
M22,景順債券基金A(半年配)(美元)
M23,景順開發中市場基金A(年配)(美元)
M24,景順歐洲大陸基金A股(年配息)
M25,景順健康護理基金A(年配)(美元)
M26,景順日本企業基金
M27,景順拉丁美洲基金
M28,景順新發展工業國家基金C股
M29,景順美國股票基金
M30,景順環球高收益債券基金A(半年配)(美元)
M31,景順科技基金A(年配)(美元)
M32,景順電訊基金
M33,景順美元儲備基金A(美元)
M34,景順環球企業基金A(年配)(美元)
M35,景順英國債券基金A(季配)(英鎊)
M36,景順歐元債券基金A(歐元)
M37,景順韓國基金A(年配)(美元)
M38,景順歐洲大陸企業基金A(年配)(美元)
M39,景順債券基金A(月配)(美元)
M40,景順環球高收益債券基金(固定月配)(美元)
M41,景順新興市場債券基金A(半年配)(美元)
M42,景順新興市場債券基金A(固定月配)(美元)
M43,景順日本動力基金A(年配)(美元)
M44,景順歐洲動力基金A(年配)(歐元)
M45,景順英國動力基金A(年配)(英鎊)
M46,景順美國動力基金
M47,景順環球價值策略基金
M48,景順美國籃籌指標增值基金A(美元)
M49,景順能源基金A(美元)
M50,景順歐元儲備基金A(歐元)
M51,景順歐元通帳掛鉤債券基金A(歐元)
M52,景泰澳洲基金
M53,景泰亞洲企業基金
M54,景順新興市場債券基金A(歐元對沖)(歐元)
M55,景順環球高收益債券基金A(歐元對沖)(歐元)
M56,景順歐洲大陸基金C股(年配息)
M57,景順泛歐洲基金A(年配)(歐元)
M58,景順泛歐洲基金C股(配息)(歐元)
M59,景順英國高質債券基金A(季配)(英鎊)
M60,景順環球指標增值基金C(美元)(年配)
M61,景順亞洲機遇股票基金A(美元)
M62,景順天下地產證券基金A(年配)(美元)
M63,景順天下地產證券基金C股
M64,景順印度股票基金A(年配)(美元)
M65,景順環球指標增值基金A(年配)(美元)
M66,景順歐洲指標增值基金A(歐元)
M67,景順泛歐洲增長基金A(歐元)
M68,景順亞洲動力基金C(年配)(美元)
M69,景順新興貨幣債券基金A(美元)
M70,景順新興貨幣債券基金A(固定月配)(美元)
M71,景順能源基金A(歐元對沖)(歐元)
M72,景順新興貨幣債券基金A(歐元對沖)(歐元)
M73,景順美國藍籌指標增值基金A(歐元對沖)(歐元)
M74,景順中國基金A(歐元對沖)(歐元)
M75,景順大中華基金A(美元)
M76,景順亞洲棟樑基金A(美元)
M77,景順亞洲棟樑基金A(半年配)(美元)
M78,景順天下地產證券基金A(歐元對沖)(歐元)
M79,景順亞洲平衡基金A(美元)
M80,景順亞洲平衡基金A(季配)(美元)
M81,景順亞洲富強基金A(美元)
M82,景順歐洲企業債券基金A(歐元)
M83,景順歐洲企業債券基金A(月配)(歐元)
M84,景順日本股票優勢基金A(日圓)
M85,景順日本小型企業基金A(年配)(美元)
M86,景順亞洲平衡基金A-(穩定月配息)(美元)
M87,景順亞洲平衡基金A-(穩定月配息)(澳幣對沖)(澳幣)
M88,景順泛歐洲基金A(美元對沖)(美元)
M89,景順歐洲大陸企業基金A(美元對沖)(美元)
M90,景順日本動力基金A(美元對沖)(美元)
M91,景順日本動力基金A(美元)(年配)
M92,景順日本動力基金A(美元對沖) 美元
MB0,(百元基金)貝萊德世界能源基金(美元)
MB1,貝萊德世界能源基金(歐元)
MB2,(百元基金)貝萊德世界金融基金(美元)
MB3,貝萊德世界金融基金(歐元)
MB4,(百元基金)貝萊德世界健康科學基金(美元)
MB5,貝萊德世界健康科學基金(歐元)
MB6,(百元基金)貝萊德美國靈活股票基金(美元)
MB7,貝萊德美國靈活股票基金(歐元)
MB8,貝萊德歐洲特別時機基金A2(歐元)
MB9,(百元基金)貝萊德歐洲特別時機基金A2(美元)
MC0,美林新興市場基金(美元)
MC1,貝萊德新興市場基金(歐元)
MC2,(百元基金)貝萊德太平洋股票基金(美元)
MC3,貝萊德太平洋股票基金(歐元)
MC4,貝萊德太平洋股票基金(英鎊)
MC5,(百元基金)貝萊德亞洲老虎債券基金(美元)
MC6,貝萊德亞洲老虎債券基金(配息)(美元)
MC7,貝萊德美國短期債券基金(美元)
MC8,貝萊德美國短期債券基金(配息)(美元)
MC9,貝萊德美國短期債券基金(歐元)
MD0,貝萊德美國短期債券基金(配息)(歐元)
ML1,水星MST澳洲及紐西蘭基金
ML2,(百元基金)貝萊德歐洲基金(美元)
ML3,貝萊德歐洲基金(歐元)
ML4,美林環球多元化股票基金(美元)
ML5,貝萊德日本基金(美元)
ML6,美林美國股票基金(美元)
ML7,水星MST太平洋基金
ML8,(百元基金)貝萊德英國基金(美元)
ML9,貝萊德英國基金(英鎊)
MS1,貝萊德歐洲特別時機基金(美元)
MS2,貝萊德歐洲特別時機基金(歐元)
MS3,(百元基金)貝萊德日本特別時機基金(美元)
MS4,(百元基金)貝萊德美國特別時機基金(美元)
MS5,水星MST亞洲新興市場基金
MS6,(百元基金)貝萊德新興市場基金
MS7,貝萊德策略配置基金(美元)
MS8,(百元基金)貝萊德環球政府債券基金(美元)
MS9,貝萊德環球政府債券基金(配息)(美元)
MT1,美林環球多元化股票基金(歐元)
MT2,貝萊德日本基金(歐元)
MT3,美林美國股票基金(歐元)
MT4,貝萊德日本特別時機基金(歐元)
MT5,貝萊德美國特別時機基金(歐元)
MT6,貝萊德環球特別時機基金(歐元)
MT7,(百元基金)貝萊德環球特別時機基金(美元)
MT8,(百元基金)貝萊德新興歐洲基金(美元)
MT9,貝萊德新興歐洲基金(歐元)
MU1,貝萊德歐元市場基金(歐元)
MU2,(百元基金)貝萊德歐元市場基金(美元)
MU3,水星MST拉丁美洲基金(美元)
MU4,水星MST拉丁美洲基金(歐元)
MU5,(百元基金)貝萊德世界黃金基金(美元)
MU6,貝萊德世界黃金基金(歐元)
MU7,(百元基金)貝萊德世界礦業基金(美元)
MU8,貝萊德世界礦業基金(歐元)
MU9,貝萊德多元資產基金(歐元)　
MV1,貝萊德環球政府債券基金(配息)(歐元)
MV2,貝萊德環球政府債券基金(歐元)
MV3,貝萊德歐元短期債券基金(配息)
MV4,貝萊德歐元短期債券基金
MV5,貝萊德歐元優質債券基金(配息)(歐元)
MV6,貝萊德歐元優質債券基金(歐元)
MV7,貝萊德歐元優質債券基金(配息)(美元)
MV8,(百元基金)貝萊德歐元優質債券基金(美元)
MV9,貝萊德環球高收益債券基金(配息)(歐元)
MW1,貝萊德環球高收益債券基金(歐元)
MW2,貝萊德環球高收益債券(配息)(美元)
MW3,(百元基金)貝萊德環球高收益債券(美元)
MW4,貝萊德美元儲備基金(歐元)
MW5,貝萊德美元儲備基金(美元)
MW6,(百元基金)貝萊德拉丁美洲基金(美元)
MW7,貝萊德拉丁美洲基金(歐元)
MW8,(百元基金)貝萊德美國價值型基金(美元)
MW9,貝萊德美國價值型基金(歐元)
MX0,貝萊德美國價值型基金(英鎊)
MX1,(百元基金)貝萊德美國增長基金
MX2,(百元基金)貝萊德歐洲價值型基金(美元)
MX3,貝萊德歐洲價值型基金(歐元)
MX4,貝萊德歐洲價值型基金(英鎊)
MX5,(百元基金)貝萊德世界科技基金(美元)
MX6,貝萊德世界科技基金(歐元)
MX7,貝萊德世界科技基金(英鎊)
MX8,貝萊德美國小型企業價值型基金
MX9,貝萊德美國精選價值型基金
MY0,(百元基金)貝萊德美元優質債券基金
MY1,貝萊德美元優質債券基金(配息)
MY2,(百元基金)貝萊德美國政府房貸債券基金
MY3,貝萊德美國政府房貸債券基金(配息)
MY5,(百元基金)貝萊德美元高收益債券基金
MY6,貝萊德美元高收益債券基金(配息)
MY7,美林美國股票基金(配息)
MY8,貝萊德歐元市場基金(配息)
MY9,貝萊德美國價值型基金(配息)
MZ0,貝萊德歐洲價值型基金(配息)
MZ1,美林環球多元化股票基金(配息)
MZ2,(百元基金)貝萊德環球資產配置基金(美元)
MZ3,貝萊德環球資產配置基金(歐元)
MZ4,貝萊德環球基本價值型基金(美元)
MZ5,貝萊德環球基本價值型基金(歐元)
MZ6,(百元基金)貝萊德環球小型企業基金(美元)
MZ7,貝萊德環球小型企業基金(歐元)
MZ8,(百元基金)貝萊德新能源基金(美元)
MZ9,貝萊德新能源基金(歐元)
N00,路博邁投資基金-NB高收益債券基金T累積類股(美元)
N01,日興日本轉機基金
N02,路博邁投資基金-NB高收益債券基金T月配息類股(美元)
N03,路博邁投資基金-NB高收益債券基金T累積類股(澳元)
N04,路博邁投資基金-NB高收益債券基金T月配息類股(澳元)
N05,路博邁投資基金-NB高收益債券基金T月配息類股(南非幣)
N06,路博邁投資基金-NB美國房地產基金T累積類股(美元)
N07,路博邁投資基金-NB美國房地產基金T累積類股(澳元)
N08,路博邁投資基金-NB美國房地產基金T累積類股(南非幣)
N09,路博邁投資基金-NB美國小型企業基金T累積類股(美元)
N10,路博邁投資基金-NB美國多元企業機會基金T累積類股(美元)
N11,路博邁投資基金-NB美國多元企業機會基金T累積類股(南非幣)
N12,路博邁投資基金-NB美國房地產基金T月配息類股(美元)
N13,路博邁投資基金-NB美國房地產基金T月配息類股(澳元)
N14,路博邁投資基金-NB美國房地產基金T月配息類股(南非幣)
N20,路博邁投資基金-NB高收益債券基金B累積類股(美元)
N21,路博邁投資基金-NB高收益債券基金B月配息類股(美元)
N22,路博邁投資基金-NB高收益債券基金B月配息類股(南非幣)
N23,路博邁投資基金-NB高收益債券基金B月配息類股(澳元)
N24,路博邁投資基金-NB美國房地產基金B累積類股(美元)
N25,路博邁投資基金-NB美國小型企業基金B累積類股(美元)
N26,路博邁投資基金-NB美國多元企業機會基金B累積類股(美元)
N27,路博邁投資基金-NB美國多元企業機會基金B累積類股(南非幣)
N30,路博邁投資基金-NB高收益債券基金C2累積類股(美元)
N31,路博邁投資基金-NB高收益債券基金C2月配息類股(美元)
N32,路博邁投資基金-NB高收益債券基金C2月配息類股(澳元)
N33,路博邁投資基金-NB高收益債券基金C2月配息類股(南非幣)
N34,路博邁投資基金-NB美國房地產基金C2累積類股(美元)
N35,路博邁投資基金-NB美國小型企業基金C2累積類股(美元)
N36,路博邁投資基金-NB美國多元企業機會基金C2累積類股(美元)
N37,路博邁投資基金-NB美國多元企業機會基金C2累積類股(南非幣)
NL0,新光健康平安基金(台幣)
NL1,新光福運平衡基金(台幣)
NL2,新光全球首選組合基金(台幣)
NL3,新光優勢科技基金(台幣)
NL4,新光全球債券組合基金(台幣)
NZ1,路博邁AR台灣股票基金-T累積(新臺幣)
NZ2,路博邁AR台灣股票基金-T月配(新臺幣)
O01,利安資金印度基金(新加坡幣)
O02,利安資金印度基金(美元)
O03,利安資金日本基金(新加坡幣)
O04,利安資金日本基金(美元)
O05,利安資金日本增長基金(新加坡幣)
O06,利安資金日本增長基金(美元)
O07,利安資金韓國基金(新加坡幣)
O08,利安資金韓國基金(美元)
O09,利安資金馬來西亞基金(新加坡幣)
O10,利安資金馬來西亞基金(美元)
O11,利安資金新加坡信託基金(新加坡幣)
O12,利安資金新加坡信託基金(美元)
O13,利安資金泰國基金(新加坡幣)
O14,利安資金泰國基金(美元)
O15,利安資金亞洲科技基金(新加坡幣)
O16,利安資金亞洲科技基金(美元)
O17,利安資金新馬基金(新加坡幣)
O18,利安資金新馬基金(美元)
O19,利安資金東南亞基金(新加坡幣)
O20,利安資金東南亞基金(美元)
O21,利安資金目標回報基金(新加坡幣)
O22,利安資金目標回報基金(美元)
O23,利安資金新加坡均衡基金(新加坡幣)
O24,利安資金新加坡均衡基金(美元)
O25,利安資金美元貨幣基金
O26,利安資金越南基金(新加坡幣)
O27,利安資金澳洲基金(新加坡幣)
O28,利安資金越南基金(美元)
O29,利安資金澳洲基金(美元)
O30,利安資金亞太基金(美元)
O31,利安資金亞洲基礎設施基金(美元)
O32,利安資金中國增長基金(美元)
O51,利安資金澳洲基金(澳幣)
O52,利安資金亞太基金(新加坡幣)
O53,利安資金亞洲基礎設施基金(新加坡幣)
O54,利安資金中國增長基金(新加坡幣)
OM1,怡利美元進取組合基金
OM2,怡利英磅增長組合基金
OM3,怡利美元增長組合基金
OM4,怡利英磅流動組合基金
OM5,怡利美元流動組合基金
P01,保誠威鋒二號基金
P02,瀚亞高科技基金
P03,瀚亞外銷基金
P04,瀚亞掌櫃基金
P05,瀚亞菁華基金
P06,保誠金融基金
P07,保誠亞太三喜基金
P08,瀚亞中小型股基金
P09,保誠台資概念基金
P10,保誠元滿基金
P11,瀚亞電通網基金
P12,瀚亞歐洲基金
P13,瀚亞理財通基金
P14,保誠獨特基金
P15,瀚亞威寶貨幣市場基金
P16,瀚亞美國高科技基金
P17,保誠運籌人生基金
P18,保誠理財通二號基金
P19,保誠理財通三號基金
P20,瀚亞股債入息組合基金
P21,瀚亞印度基金
P22,保誠美元短期債券基金
P23,瀚亞亞太高股息A基金
P24,瀚亞亞太不動產證券化基金A
P25,瀚亞亞太不動產證券化基金B(配息)
P26,瀚亞全球綠色金脈基金
P27,瀚亞非洲基金
P28,瀚亞巴西基金
P29,瀚亞全球高收益債券A基金
P30,瀚亞全球高收益債券基金(配息)
P31,瀚亞中國基金
P32,瀚亞印度策略收益平衡基金A
P33,瀚亞印度策略收益平衡基金B(配息)
P34,瀚亞印度策略收益債券基金A
P35,瀚亞印度策略收益債券基金B(配息)
PA1,瀚亞印度策略收益平衡基金B(配息)-人民幣
PA2,瀚亞印度策略收益債券基金B(配息)-人民幣
PB1,瀚亞印度策略收益平衡基金B(配息)-美元
PB2,瀚亞印度策略收益債券基金B(配息)-美元
PD0,華頓平安貨幣市場基金(台幣)
PD1,華頓台灣基金(台幣)
PD2,華頓中小型基金
PD3,華頓快樂基金(台幣)
PD4,華頓全球黑鑽油源基金
PD6,華頓典範科技基金(台幣)
PD7,華頓美國浮動利率金融資產證券化基金(台幣)
PD8,華頓全球時尚精品基金(台幣)
PD9,華頓全球旺組合基金
PE0,華頓台灣旺組合基金
PE1,華頓全球新星股票基金(台幣)
Q01,國泰台灣債券基金
Q02,國泰翔鷹債券基金
Q03,國泰小龍基金
Q04,瑞銀強勢基金
Q05,瑞銀鐵木真基金
Q06,瑞銀袋鼠平衡基金
Q07,瑞銀玉寶全球科技生化基金
Q08,瑞銀盈穩基金
Q09,瑞銀全球債券基金
Q10,國泰國泰基金
Q11,國泰中小成長基金
Q12,國泰平衡基金
Q13,國泰大中華基金
Q14,國泰科技生化基金
Q15,國泰全球雙利基金
Q16,國泰全球債券基金
Q17,國泰精選平衡基金
Q18,國泰豐利平衡基金
Q19,國泰傘型全球積極組合基金
Q20,國泰傘型全球穩健組合基金
Q21,國泰傘型全球保守組合基金
Q22,國泰台灣貨幣市場基金
Q23,國泰全球基礎建設基金
Q24,國泰全球娛樂基金
Q25,國泰豐益債券組合基金
Q26,國泰中國內需增長基金
R09,新加坡大華黃金及綜合基金(星幣)
R10,新加坡大華黃金及綜合基金(美元)
R11,新加坡大華全球保健基金(星幣)
R12,新加坡大華全球保健基金(美元)
R13,新加坡大華全球房地產證券基金(星幣)
R14,新加坡大華全球房地產證券基金(美元)
R15,新加坡大華跨世紀基金I(星幣)
R16,新加坡大華跨世紀基金I(美金)
RU0,(百元基金)羅素多元資產35基金B類股
RU1,(百元基金)羅素多元資產50基金B類股
RU2,(百元基金)羅素多元資產70基金B類股
RU3,(百元基金)羅素多元資產90基金B類股
RU4,(百元基金)羅素亞太(日本除外)基金
RU5,(百元基金)羅素新興市場股票基金
RU6,(百元基金)羅素全球股票基金
RU7,羅素全球高收益債券基金DH-B累積(美元)
RU8,羅素全球高收益債券基金TWN-DH收益類別(月配)(美元避險)
RU9,羅素泛歐股票基金
S01,寶源資本增長基金(港幣)
S02,寶源亞洲基金(美元)
S03,寶源亞洲小型公司基金(美元)
S04,施羅德組合投資基金(港幣)
S05,寶源貨幣及債券基金(美元)
S06,施羅德環球能源基金(美元)
S07,寶源歐洲基金(美元)
S08,寶源遠東增長基金(美元)
S09,寶源黃金基金(美元)
S10,寶源香港基金(港幣)
S11,寶源香港小型公司基金(港幣)
S12,寶源新興科技基金(美元)
S13,寶源日本基金(美元)
S14,寶源東瀛增長基金(美元)
S15,寶源北美洲基金(美元)
S16,寶源太平洋增長基金(美元)
S17,寶源遠東認股證基金(美元)
S18,寶源國際認股證基金(美元)
S19,寶源英國企業基金(英鎊)
S20,施羅德歐洲小型公司基金(英鎊)
S21,施羅德英國國債及定息基金(累積)(英鎊)
S22,寶源日本小型公司基金(英鎊)
S23,寶源南韓基金(英鎊)
S24,施羅德英國小型公司基金(英鎊)
S25,施羅德美國小型公司基金(英鎊)
S26,施羅德美元金融基金(美元)
S27,施羅德金融市場基金(港幣)
S28,寶源亞洲新興市場基金(美元)
S29,寶源平穩增長基金(港幣)
S30,寶源環球股票基金-環球系列
S31,施羅德美國大型股基金-環球系列(美元)
S32,施羅德美國小型公司基金-環球系列
S33,寶源歐元股票基金-環球系列(歐元)
S34,寶源歐洲收益股票基金-環球系列(歐元)
S35,寶源歐洲大型股票基金-環球系列(歐元)
S36,施羅德歐洲小型公司(歐元)
S37,寶源英國股票基金-環球系列
S38,施羅德義大利
S39,施羅德亞洲優勢 A (累積)(美元)
S40,施羅德日本股票(日圓)
S41,寶源日本小型公司基金-環球系列(日圓)
S42,寶源新興市場基金-環球系列(美元)
S43,寶源美元投資組合基金-環球系列(美元)
S44,寶源英鎊投資組合基金-環球系列(英鎊)
S45,寶源美元債券基金-環球系列(美元)
S46,施羅德環球宏觀股票A1基金-環球系列(美元)
S47,(百元基金)施羅德美國大型股A1累積(美元)
S48,施羅德美國小型公司A1(累積)(美元)
S49,施羅德歐元股票A1(累積)(歐元)
S50,施羅德歐洲收益股票A1累積(歐元)
S51,施羅德歐洲大型股A1累積(歐元)
S52,施羅德歐洲小型公司A1(累積)(歐元)
S53,施羅德英國股票A1累積(英鎊)
S54,施羅德義大利A1(累積)(歐元)
S55,施羅德亞洲優勢 A1(累積)(美元)
S56,施羅德日本股票A1(累積)(日圓)
S57,施羅德日本小型公司A1(累積)(日圓)
S58,(百元基金)施羅德新興市場A1(累積)(美元)
S59,寶源投資組合A1基金-環球系列(美元)
S60,寶源英鎊投資組合A1基金-環球系列(英鎊)
S61,(百元基金)施羅德美元債券A1(累積)(美元)
S62,(百元基金)施羅德亞洲債券A1累積(美元)
S63,施羅德歐元政府債券A1累積(歐元)
S64,(百元基金)施羅德新興市場債券A1累積(美元)
S65,(百元基金)施羅德拉丁美洲A1累積(美元)
S66,施羅德歐元債券A1累積(歐元)
S67,施羅德環球科技A1基金-環球系列
S68,施羅德環球債券基金(美元)
S69,施羅德歐元增值基金-環球系列
S70,寶源香港基金-環球系列
S71,施羅德香港股票A1累積(港幣)
S72,施羅德歐元增值A1基金-環球系列
S73,施羅德新興市場債券A1配息(美元)
S74,施羅德亞洲債券A1配息(美元)
S75,(百元基金)施羅德環球債券A1累積(美元)
S76,(百元基金)施羅德環球企業債券A1累積(美元)
S77,施羅德歐元短期債券A1累積(歐元)
S78,施羅德新興亞洲基金
S79,施羅德環球科技基金-環球系列
S80,(百元基金)施羅德新興亞洲A1累積(美元)
S81,施羅德新興歐洲A1累積(歐元)
S82,施羅德歐元財富基金A1累積(歐元)
S83,施羅德歐元企業債券A1累積(歐元)
S84,施羅德新興市場債券A1累積(歐元對沖)
S85,施羅德新興市場債券A1配息(歐元對沖)
S86,施羅德歐元流動(歐元)
S87,施羅德美元流動(美元)
S88,(百元基金)施羅德韓國股票A1累積(美元)
S89,施羅德歐元財富A1配息(歐元)
S90,施羅德歐元動力增長基金-環球系列
S91,施羅德歐洲價值股票基金
S92,施羅德北美洲宏觀股票基金-環球系列
S93,施羅德瑞士股票
S94,施羅德瑞士中小型股票(瑞郎)
S95,施羅德環球能源基金-環球系列(美元)
S96,施羅德亞洲債券A1累積(歐元)
S97,施羅德亞洲債券A1配息(歐元)
S98,施羅德歐元財富A1累積(美元)
S99,施羅德歐元財富A1配息(美元)
SA0,先機歐元債券基金A股
SA1,先機歐元債券基金A2股(美元)
SA2,先機環球策略債券基金A股(美元)
SA3,先機歐洲機會基金A股(歐元)
SA4,先機歐洲機會基金A股(美元)
SA5,先機歐洲股票基金A股(歐元)
SA6,先機歐洲股票基金A股(美元)
SA7,先機環球股票基金A股(美元)
SA8,先機日本股票基金A股(日圓)
SA9,先機日本股票基金A股(美元)
SB0,先機完全回報美元債券基金A股(美元)
SB1,先機美國入息基金(美元)
SB2,先機北美股票基金A股(美元)
SB3,先機美國大型企業成長基金A股(美元)
SB4,先機美國價值基金A股(美元)
SB5,先機美國入息基金(歐元)
SB6,先機北美股票基金A股(歐元)
SB7,先機美國大型企業成長基金A股(歐元)
SB8,先機美國價值基金A股(歐元)
SB9,先機完全回報美元債券基金A(類收益股)(美元)
SC0,先機亞太股票基金A股(美元)
SC1,先機亞太股票基金A股(歐元)
SC2,先機新興市場債券基金A股(美元)
SC3,先機新興市場債券基金A1股(季配息)
SC4,先機新興市場債券基金A股(歐元)
SC5,先機新興市場債券基金A(類收益股)(美元)
SC6,先機科技基金A股(美元)
SC7,先機科技基金A股(歐元)
SC8,先機健康護理基金A股(美元)
SC9,先機瑞士股票基金A股(瑞士法郎)
SD0,先機歐元債券基金B股
SD1,先機環球策略債券基金B股(美元)
SD2,先機歐洲機會基金B股(美元)
SD3,先機歐洲股票基金B股(美元)
SD4,先機環球股票基金B股(美元)
SD5,先機日本股票基金B股(美元)
SD6,先機完全回報美元債券基金B股(美元)
SD7,先機美國入息基金B股(美元)
SD8,先機北美股票基金B股(美元)
SD9,先機美國大型企業成長基金B股(美元)
SE0,先機美國價值基金B股(美元)
SE1,先機亞太股票基金B股(美元)
SE2,先機新興市場債券基金B股(美元)
SE3,先機新興市場債券基金B(類收益股)(美元)
SE4,先機環球策略債券基金B(類收益股)(美元)
SE5,先機完全回報美元債券基金B(類收益股)(美元)
SE6,先機中國基金B股(美元)
SE7,先機全球新興市場基金B類收益股(美元)
SE8,先機全球新興市場基金B股(美元)
SH0,先機歐元債券基金C股
SH1,先機環球策略債券基金C股(美元)
SH2,先機歐洲機會基金C股(美元)
SH3,先機歐洲股票基金C股(美元)
SH4,先機環球股票基金C股(美元)
SH5,先機日本股票基金C股(美元)
SH6,先機完全回報美元債券基金C股(美元)
SH7,先機美國入息基金C股(美元)
SH8,先機北美股票基金C股(美元)
SH9,先機美國大型企業成長基金C股(美元)
SI0,先機美國價值基金C股(美元)
SI1,先機完全回報美元債券基金C(類收益股)(美元)
SI2,先機亞太股票基金C股(美元)
SI3,先機新興市場債券基金C股(美元)
SI4,先機新興市場債券基金C1股(季配息)
SI5,先機科技基金C股(美元)
SI6,先機健康護理基金C股(美元)
SI7,先機新興市場債券基金C(類收益股)(美元)
SI8,先機中國基金C股(美元)
SI9,先機環球債券基金C(類收益股)(美元)
SJ1,先機全球新興市場基金C股(美元)
SU0,台壽保幸福99全球債券組合基金
SU1,台壽保媽祖證券投資信託基金
SU2,台壽保飛龍成長投資信託基金
SU3,台壽保平衡信託基金
SU4,未來資產阿波羅基金
SU5,未來資產所羅門貨幣市場基金
SU6,台壽保美邦貨幣市場基金
SU7,台壽保太陽神債券基金
SU8,未來資產閣來寶全球組合基金
SU9,台壽保龍騰優勢基金
SV0,台壽保豐年債券基金
SV1,台壽保中華經貿25平衡基金
T01,豐盛特別增長基金
T02,德盛東方入息基金-P配息類股
T03,安聯老虎基金-A(配息類股)(美元)
T04,安聯小龍基金
T05,豐盛太平洋投資基金
T06,安聯香港股票基金-A(配息類股)(美元)
T07,安聯新興亞洲股票基金-A(配息類股)(美元)
T08,安聯日本股票基金-A(配息類股)(美元)
T09,安聯泰國股票基金
T10,德盛馬來西亞基金
T11,安聯印尼股票基金-A(配息類股)(美元)
T12,德盛新加坡基金
T13,安聯韓國股票基金
T14,德盛美元基金
T15,歐洲精選-德盛德國基金
T16,歐洲精選-德盛新德國基金
T17,歐洲精選-德盛西葡基金
T18,豐盛日本認股權證基金
T19,豐盛特別管理基金
T20,豐盛東協增長基金
T21,德盛亞太基礎建設基金
T22,安聯全球高成長科技基金
T23,德盛龍虎精選基金-澳洲
T25,德盛龍虎精選基金-印度
T26,德盛東方入息(機構股份)基金
T27,安聯東方入息基金-A(配息類股)(美元)
T28,安聯全球永續發展基金-A(配息類股) (美元)
T29,安聯全球永續發展基金-A(配息類股) (歐元)
T30,安聯全球新興市場高股息基金(累積類股)(美元)
T31,安聯全球新興市場高股息基金(累積類股)(歐元)
T32,安聯中國股票基金-A(配息類股)(美元)
T33,安聯亞洲總回報股票基金-A(配息類股)(美元)
T34,安聯收益成長基金-AM(穩定月收類股)(美元)
T35,安聯收益成長基金-AM(穩定月收類股)(澳幣避險)
T36,安聯收益成長基金-AT(累積類股)(美元)
T37,安聯收益成長基金-AM(穩定月收類股)(歐元避險)
T38,安聯收益成長基金-AM(穩定月收類股)(南非幣避險)
TA1,德盛安聯目標2015基金
TA2,德盛安聯目標2020基金
TA3,德盛安聯目標2030基金
TA4,安聯全球計量平衡基金
TA5,德盛安聯多元計量平衡基金
TA6,安聯全球人口趨勢基金
TA7,安聯全球農金趨勢基金
TA8,安聯中國東協基金
TC0,台新台灣中小基金
TC1,台灣工銀科技基金
TC2,大眾優質平衡基金
TC3,台新中國通基金
TC4,台新金鑽平衡基金
TC5,台灣工銀精選25基金
TC6,台灣工銀全球平衡組合基金
TC7,台新全球增長組合基金
TC8,台新大眾貨幣市場基金
TC9,台灣工銀駿馬債券基金
TR0,傳山永豐基金
TR1,國泰高科技基金
TR2,安多利永利貨幣市場基金
TR3,傳山平衡基金
TS0,台新真吉利貨幣市場基金
TS1,台新台新基金
TS2,台新高股息平衡基金
TS3,台新科技基金
TS4,台新全球ETF組合基金
TS5,台新主流基金
TS6,台新全球不動產證券化基金(不配息)
TS7,台新全球不動產證券化基金(配息)
TT0,安聯全球新興市場基金
TT1,安聯台灣大壩基金
TT2,德盛優選大壩基金
TT3,安聯台灣科技基金
TT4,安聯台灣貨幣市場基金
TT5,(百元基金)安聯全球生技趨勢基金
TT6,德盛債券二號大壩基金
TT7,安聯全球債券基金-不配息
TT8,安聯亞洲動態策略基金
TT9,德盛安聯中小動態平衡基金
TTA,安聯四季豐收債券組合基金(累積)(新臺幣)
TTB,安聯四季豐收債券組合基金(月配)(新臺幣)
TU0,安聯四季豐收債券組合基金(累積)(美元)
TU1,安聯四季豐收債券組合基金(月配)(美元)
TV0,安聯四季豐收債券組合基金(累積)(人民幣)
TV1,安聯四季豐收債券組合基金(月配)(人民幣)
U01,統一經建基金
U02,統一奔騰基金(台幣)
U03,統一中小基金
U04,統一大滿貫基金
U05,統一亞太基金(台幣)
U06,統一飛躍成長基金
U07,統一統信基金
U08,統一全天候基金(台幣)
U09,統一黑馬基金(台幣)
U10,統一龍馬基金(台幣)
U11,統一保安平衡基金
U12,統一全球精選組合基金
U13,統一精選保證1號基金(台幣)
U14,統一強棒貨幣市場基金(台幣)
U15,統一全壘打基金
U16,統一全球債券組合基金(台幣)
U2A,施羅德四年到期新興市場主權債券基金(累積型)(美元)
U2B,施羅德四年到期新興市場主權債券基金(季配息)(美元)
U2C,施羅德2021到期新興市場美元優選主權債券基金(累積型)(美元)
U2D,施羅德2021到期新興市場美元優選主權債券基金(季配息)(美元)
UC1,玉山登峰基金(台幣)
UC2,施羅德台灣主動基金
UC3,施羅德全球主動組合基金
UC4,施羅德世界資源基金
UC5,施羅德全球策略高收益債券(累積)基金
UC6,施羅德全球策略高收益債券基金(月配息)
UC7,施羅德中國高收益債券基金(累積)
UC8,施羅德中國高收益債券基金-B配息
UC9,施羅德樂活中小基金
UCA,施羅德四年到期新興市場主權債券基金(累積型)(新臺幣)
UCB,施羅德四年到期新興市場主權債券基金(季配息)(新臺幣)
UCC,施羅德2021到期新興市場美元優選主權債券基金(累積型)(新臺幣)
UCD,施羅德2021到期新興市場美元優選主權債券基金(季配息)(新臺幣)
UD0,元大雙盈基金(台幣)
UD1,(百元基金)元大多福基金
UD2,(百元基金)元大多多基金(台幣)
UD3,(百元基金)元大卓越基金(台幣)
UD4,(百元基金)元大店頭基金
UD5,(百元基金)元大經貿基金
UD6,(百元基金)元大高科技基金(台幣)
UD7,(百元基金)元大新主流基金(台幣)
UD8,(百元基金)元大巴菲特基金(台幣)
UD9,元大寶來全球通訊基金(台幣)
UF0,保德信全球醫療生化基金
UF1,保德信店頭市場基金
UF2,保德信第一基金
UF3,保德信科技島基金
UF4,保德信大中華基金
UF5,保德信中小型股基金
UF6,保德信新世紀基金
UF7,保德信日韓證券投資信託基金
UF8,保德信金平衡基金
UF9,保德信高成長基金(手續費後收型)
UG0,保德信亞洲新興市場債券基金(累積型)
UG1,保德信金滿意基金(手續費後收型)
UG2,保德信亞太基金(手續費後收型)
UG3,保德信台商全方位基金
UG4,保德信貨幣市場基金
UG5,保德信瑞騰基金
UG6,保德信全球中小基金
UG7,保德信美國基金
UG8,保德信全球組合基金
UG9,保德信全球科技基金
UH0,保德信亞洲新興市場債券基金(月配息型)
UH1,保德信全球平衡組合基金
UH2,保德信全球債券組合基金
UH3,保德信日本基金
UH4,保德信歐洲組合基金
UH5,保德信全球資源基金
UH6,保德信全球基礎建設基金
UH7,保德信全球消費商機基金
UH8,保德信全球優質股息成長基金
UH9,保德信拉丁美洲基金
UI0,保德信新興中小基金
UI1,保德信好時債組合基金-A不配息
UI2,保德信新興市場企業債券基金(累積型)
UN1,大華創世紀基金
UN2,(百元基金)永豐領航科技基金
UN3,大華哥倫布基金
UN4,大華新世紀基金
UN5,永豐策略平衡基金
UN6,永豐麥哲倫全球債券組合基金
UN7,永豐麥哲倫全球平衡組合基金
UN8,(百元基金)永豐滬深300紅利指數基金
US0,聯邦貨幣市場基金(台幣)
US1,聯邦優勢策略全球債券組合基金(台幣)
US2,聯邦精選科技基金(台幣)
US3,聯邦中國龍基金
US4,聯邦台灣創新基金(台幣)
US5,聯邦金鑽平衡基金(台幣)
US6,聯邦全球組合基金(台幣)
UU0,元大寶來新興消費商機基金
UU1,元大平衡基金
UU2,元大全球成長基金
UU3,元大全球債券基金
UU4,元大全球平衡基金(台幣)
UU5,元大精華組合基金
UU6,元大寶來全球組合基金(台幣)
UU7,(百元基金)元大亞太成長基金(台幣)
UU8,元大多利基金(台幣)
UU9,元大多利二號基金(台幣)
UV0,元大萬泰貨幣市場基金
UV1,元大台灣保本基金(台幣)
UV2,元大祥龍保本基金(台幣)
UV3,元大瑞虎保本基金
UV4,(百元基金)元大泛歐成長基金
UV5,元大全球滿意入息基金A
UV6,元大全球地產建設入息基金A(不配息)(台幣)
UV7,(百元基金)元大全球公用能源效率基金A(不配息)
UV8,元大市場中立平衡基金
UV9,元大組合交易平衡基金
UW0,元大強勢配置平衡基金
UW1,元大全球礦金基金
UW2,(百元基金)元大全球農業商機基金
UW3,元大全球新能源基金
UW4,(百元基金)元大新中國基金
UW5,(百元基金)元大印度基金
UW6,(百元基金)元大新興亞洲基金
UW7,元大寶來全球短期收益基金
UW8,(百元基金)元大華夏中小基金
UW9,元大寶來新興市場債券組合基金
UX0,元大寶來新興市場債券組合基金(季配息)
UX1,(百元基金)元大寶來台股指數基金
UX2,(百元基金)元大中國高收益點心債券基金
UX3,元大新東協平衡基金(台幣)
UX4,元大新興印尼機會債券基金A(不配息)(臺幣)
UX5,元大新興印尼機會債券基金B(配息)(臺幣)
V01,瑞銀(盧森堡)生化股票基金(美元)
V02,瑞士銀行生態表現基金(美元)
V03,瑞銀(盧森堡)保健股票基金(美元)
V04,瑞銀全球多元化科技股票基金(美元)
V05,瑞士銀行歐洲機會基金(歐元)
V06,瑞銀(盧森堡)中歐股票基金(歐元)
V07,瑞士銀行歐洲精選基金(歐元)
V08,瑞銀(盧森堡)歐洲中型股票基金(歐元)
V09,瑞銀(盧森堡)中國精選股票基金(美元)
V10,瑞銀(盧森堡)新加坡股票基金(美元)
V11,瑞銀(盧森堡)亞洲機會基金(美元)
V12,瑞銀(盧森堡)日本中小型股票基金(日幣)
V13,瑞士銀行歐元國家機會基金(歐元)
V14,瑞士銀行荷蘭基金(歐元)
V15,瑞銀(盧森堡)加拿大股票基金(加幣)
V16,瑞士銀行美國中型基金(美元)
V17,瑞銀(盧森堡)美國小型股票基金(美元)
V18,瑞銀(盧森堡)美元債券基金(美元)
V19,瑞銀(盧森堡)歐元債券基金(歐元)
V20,瑞銀(盧森堡)歐元高收益債券基金(累積)(歐元)
V21,瑞銀(盧森堡)美元基金(美元)
V22,瑞銀(盧森堡)歐元基金(歐元)
V23,瑞士銀行日圓基金
V24,瑞銀(盧森堡)英鎊基金
V25,瑞士銀行瑞士法郎基金(瑞士法郎)
V26,瑞銀(盧森堡)加幣基金(加幣)
V27,瑞銀(盧森堡)澳幣基金
V28,瑞銀美國機會基金(美元)
V29,瑞銀(盧森堡)金融股票基金(歐元)
V30,瑞銀(盧森堡)日本股票基金(日幣)
V31,瑞銀通訊基金(歐元)
V32,瑞銀(盧森堡)策略基金-股票型(美元)
V33,瑞銀(盧森堡)策略基金-股票型(歐元)
V34,瑞銀(盧森堡)策略基金-增長型(美元)
V35,瑞銀(盧森堡)策略基金-增長型(歐元)
V36,瑞銀(盧森堡)策略基金-平衡型(累積)(美元)
V37,瑞銀(盧森堡)策略基金-平衡型(歐元)
V38,瑞銀(盧森堡)新興市場債券基金(累積)(美元)
V39,瑞銀(盧森堡)策略基金-收益型(美元)
V40,瑞銀(盧森堡)策略基金-收益型(歐元)
V41,瑞銀(盧森堡)策略基金-固定收益型(美元)
V42,瑞銀(盧森堡)策略基金-固定收益型(歐元)
V43,瑞銀(盧森堡)全球戰略配置精選基金(美元)
V44,瑞銀(盧森堡)全球戰略配置精選基金(歐元)
V45,瑞銀(盧森堡)美國增長股票基金(美元)
V46,瑞銀(盧森堡)美元高收益債券基金(累積)(美元)
V47,瑞銀(盧森堡)美國精選股票基金(美元)
V48,瑞銀(盧森堡)新興市場債券基金(月配息)(美元)
V49,瑞銀(盧森堡)全球可轉換債券基金(歐元)
V50,瑞士(盧森堡)歐洲可轉換債券基金(歐元)
V51,瑞士(盧森堡)全球永續創新股票基金(歐元)
V52,瑞銀(盧森堡)全球永續創新股票基金(美元)
V53,瑞銀(盧森堡)俄羅斯股票基金(美元)
V54,瑞銀(盧森堡)歐元高收益債券基金(月配息)(歐元)
V55,瑞銀(盧森堡)大中華股票基金(美元)
V56,瑞銀(盧森堡)澳洲股票基金(澳幣)
V57,瑞銀(盧森堡)新興市場基礎建設股票基金(美元)
V58,瑞銀(盧森堡)新興市場股票基金(美元)
V59,瑞銀(盧森堡)美元高收益債券基金(月配息)(美元)
V60,瑞銀(盧森堡)新興市場短期債券基金(累積)(美元)
V61,瑞銀(盧森堡)新興市場短期債券基金(月配息)(美元)
V62,瑞銀(盧森堡)巴西債券基金(累積)(美元)
V63,瑞銀(盧森堡)巴西債券基金(月配息)(美元)
V64,瑞銀(盧森堡)歐元高收益債券基金(月配息)(美元避險)
V65,瑞銀(盧森堡)歐元高收益債券基金(月配息)(澳幣避險)
V66,瑞銀(盧森堡)新興市場入息基金(累積)(美元)
V67,瑞士銀行生態表現基金(美元)
V68,瑞銀(盧森堡)新興市場入息基金(月配息)(美元)
V69,瑞銀(盧森堡)策略基金-平衡型(月配息)(美元)
V70,瑞銀(盧森堡)亞洲小型公司基金(美元)
V71,瑞銀(盧森堡)美國總收益股票基金(累積)(美元)
V72,瑞銀(盧森堡)美國總收益股票基金(月配息)(美元)
V73,瑞銀(盧森堡)全球股票配置精選基金(美元)
V74,瑞銀(盧森堡)亞洲全方位債券基金(累積)(美元)
V75,瑞銀(盧森堡)亞洲全方位債券基金(月配息)(美元)
V76,瑞銀(盧森堡)美元基金(加幣避險)(加幣)
V78,瑞銀(盧森堡)歐元區國家收益基金(本基金未經本國主管機關核准)
V79,瑞銀 (盧森堡) 新興市場當地貨幣債券基金 (美元)
V80,瑞銀(盧森堡)亞洲精選股票基金(累積)(美元)
W01,新光台灣富貴基金(台幣)
W02,新光台灣永發基金(台幣)
W03,新光日本精選基金
W04,新光競臻笠基金
W05,新光國家建設基金(台幣)
W06,新光創新科技基金
W07,新光店頭基金
W08,新光摩天基金
W09,新光千里馬基金
W10,新光新興中小基金
W11,新光台灣吉利貨幣市場基金(台幣)
W12,新光吉星基金
W13,新光吉祥基金
W14,新光大三通基金(台幣)
W15,新光亞洲精選基金
W16,新光競臻笠基金(台幣)
W17,新光全球冠軍組合基金
W18,新光吉富全球債券基金
W19,新光策略平衡基金
W20,新光保本基金(台幣)
W21,新光策略二號平衡基金(台幣)
W22,新光全球可轉債策略平衡基金
W23,新光多重計量基金(台幣)
W24,新光全球高股息基金
W99,新光紐幣八年期保本基金
WT0,台陽遠見基金
WT1,台陽平衡基金
WT2,台陽精選成長基金
WT3,台陽富利平衡基金
X01,(百元基金)富蘭克林黃金基金(年配權)
X02,富蘭克林股票基金(年配權)(美元)
X03,(百元基金)富蘭克林成長基金(年配權)(美元)
X04,富蘭克林公用事業基金(季配息)
X05,(百元基金)富蘭克林高科技基金(美元)
X06,富蘭克林可轉換證券基金(季配權)(美元)
X07,(百元基金)富蘭克林潛力組合基金(年配權)(美元)
X08,(百元基金)富蘭克林高成長基金(配權)(美元)
X09,富蘭克林美國房地產證券化基金(季配權)
X10,富蘭克林浮動利率政府債券基金(月配權)(美元)
X11,富蘭克林貨幣市場基金
X12,(百元基金)富蘭克林坦伯頓成長基金(配權)
X13,(百元基金)富蘭克林坦伯頓世界基金(配權)(美元)
X14,(百元基金)富蘭克林坦伯頓全球基金(配權)(美元)
X15,(百元基金)富蘭克林坦伯頓外國基金(配權)(美元)
X16,富蘭克林坦伯頓開發中國家基金(配權)
X17,(百元基金)富蘭克林坦伯頓中小型公司成長基金(配權)
X18,富蘭克林坦伯頓月入息基金(月配息)(美元)
X19,富蘭克林美國房地產證券化基金(季配息)
X20,富蘭克林可轉換證券基金(季配息)(美元)
X21,富蘭克林坦伯頓月入息基金(月配權)(美元)
X22,富蘭克林全球政府債券基金(美元)
X23,(百元基金)富蘭克林公用事業基金(季配權)
Y01,(百元基金)富蘭克林坦伯頓全球全球基金(年配權)(美元)
Y02,(百元基金)富蘭克林坦伯頓全球中小型企業基金(年配權)(美元)
Y03,(百元基金)富蘭克林坦伯頓全球新興國家基金(年配權)
Y04,(百元基金)富蘭克林坦伯頓全球亞洲成長基金(年配權)
Y05,(百元基金)富蘭克林坦伯頓全球歐洲基金-(年配權)(美元)
Y06,富蘭克林坦伯頓全球歐元全球基金(年配權)
Y07,富蘭克林坦伯頓全球全球債券基金(月配息)(美元)
Y08,富蘭克林坦伯頓全球新興國家固定收益基金(季配息)(美元)
Y09,富蘭克林坦伯頓全球歐元全球債券基金(歐元)
Y0A,(百元基金)富蘭克林坦伯頓全球互利歐洲基金(累積)(美元避險)
Y0C,富蘭克林坦伯頓全球日本基金(累積)(美元避險)
Y0D,富蘭克林坦伯頓全球穩定月收益基金A股(累積)(美元)
Y0E,富蘭克林坦伯頓全球新興國家固定收益基金A股(月配息)-H1(南非幣避險)
Y0F,富蘭克林坦伯頓全球穩定月收益基金A股(月配息)-H1(南非幣避險)
Y10,富蘭克林坦伯頓全球美國政府基金(月配息)(美元)
Y11,富蘭克林坦伯頓全球公司債基金(月配息)
Y12,(百元基金)富蘭克林坦伯頓全球全球平衡基金(季配權)(美元)
Y13,富蘭克林坦伯頓全球美元短期票券基金(美元)
Y14,富蘭克林坦伯頓全球歐元短期票券基金(年配息)(歐元)
Y15,(百元基金)富蘭克林坦伯頓全球拉丁美洲基金(年配權)
Y16,富蘭克林坦伯頓全球歐洲基金-歐元
Y17,富蘭克林坦伯頓全球全球債券基金(月配息)(歐元)
Y18,富蘭克林坦伯頓全球潛力歐洲基金(歐元)
Y19,富蘭克林坦伯頓全球東歐基金(歐元)
Y20,富蘭克林坦伯頓全球日本基金(美元)
Y21,(百元基金)富蘭克林坦伯頓全球泰國基金
Y22,(百元基金)富蘭克林坦伯頓全球全球債券基金(月配權)(美元)
Y23,(百元基金)富蘭克林坦伯頓全球新興國家固定收益基金(季配權)
Y24,(百元基金)富蘭克林坦伯頓全球美國政府基金(月配權)(美元)
Y25,(百元基金)富蘭克林坦伯頓全球公司債基金(月配權)(美元)
Y26,富蘭克林坦伯頓全球全球債券基金(月配權)(歐元)
Y27,富蘭克林坦伯頓全球全球平衡基金(季配息)(美元)
Y28,富蘭克林歐元全球債基金(歐元)
Y29,(百元基金)富蘭克林坦伯頓全球全球股票收益基金(穩定月配權)(美元)
Y30,富蘭克林坦伯頓全球成長基金(歐元)
Y31,(百元基金)富蘭克林坦伯頓全球韓國基金(美元)
Y32,(百元基金)富蘭克林坦伯頓全球高價差基金-美元
Y33,富蘭克林坦伯頓全球高價差基金(歐元)
Y34,富蘭克林坦伯頓全球互利歐洲基金(歐元)
Y35,(百元基金)富蘭克林坦伯頓全球互利歐洲基金(美元)
Y36,(百元基金)富蘭克林坦伯頓全球印度基金(美元)
Y37,(百元基金)富蘭克林坦伯頓全球科技基金
Y38,(百元基金)富蘭克林坦伯頓全球生技領航基金(美元)
Y39,富蘭克林坦伯頓全球亞洲債券基金(月配息)(美元)
Y40,富蘭克林坦伯頓全球歐洲高收益基金(年配息)(歐元)
Y41,(百元基金)富蘭克林坦伯頓全球東歐基金(美元)
Y42,(百元基金)富蘭克林坦伯頓全球成長(歐元)基金(美元)
Y43,富蘭克林坦伯頓全球歐洲高收益基金(月配息)
Y44,(百元基金)富蘭克林坦伯頓全球-日本基金
Y45,(百元基金)富蘭克林坦伯頓全球美國中小成長基金
Y46,(百元基金)富蘭克林坦伯頓全球美國機會基金
Y47,富蘭克林坦伯頓全球美國機會基金-歐元
Y48,富蘭克林坦伯頓全球穩定月收益基金A股(月配息)(美元)
Y49,(百元基金)富蘭克林坦伯頓全球穩定月收益基金A股(月配權)(美元)
Y50,富蘭克林坦伯頓全球日本基金
Y51,(百元基金)富蘭克林坦伯頓全球金磚四國基金
Y52,(百元基金)富蘭克林坦伯頓全球大中華基金
Y53,(百元基金)富蘭克林坦伯頓全球天然資源基金A股(美元)
Y54,富蘭克林坦伯頓全球天然資源基金A股(歐元)
Y55,富蘭克林坦伯頓全球精選收益基金A股(月配息)(美元)
Y56,富蘭克林坦伯頓全球精選收益基金A股(月配息)(歐元)
Y57,富蘭克林坦伯頓全球新興國家固定收益基金A股(月配息)(美元)
Y58,(百元基金)富蘭克林坦伯頓全球核心策略基金(美元)
Y59,富蘭克林坦伯頓全球核心策略基金(年配權)(美元)
Y60,富蘭克林坦伯頓全球核心策略基金(累積)(歐元)
Y61,富蘭克林坦伯頓全球核心策略基金(年配權)(歐元)
Y62,(百元基金)富蘭克林坦伯頓全球互利全球領航基金(美元)
Y63,富蘭克林坦伯頓全球互利全球領航基金(歐元)
Y64,富蘭克林坦伯頓全球歐洲高收益基金A股(月配息)(美元)
Y65,富蘭克林坦伯頓全球全球基金A股(累積)(美元)
Y66,富蘭克林坦伯頓全球新興國家基金
Y67,富蘭克林坦伯頓全球全球平衡基金
Y68,富蘭克林坦伯頓全球全球股票收益基金(穩定月配息)
Y69,富蘭克林坦伯頓全球拉丁美洲基金
Y71,富蘭克林坦伯頓全球亞洲成長基金
Y73,富蘭克林坦伯頓全球潛力歐洲基金(年配息)A 股(歐元)
Y75,富蘭克林坦伯頓全球互利歐洲基金(年配息)A 股(歐元)
Y76,富蘭克林坦伯頓全球全球債券基金(月配息)A股(澳幣避險)
Y77,富蘭克林坦伯頓全球邊境市場基金A股(美元)
Y78,富蘭克林坦伯頓全球邊境市場基金A股(歐元)
Y79,(百元基金)富蘭克林坦伯頓全球亞洲小型企業基金-累積型(美元)
Y80,富蘭克林坦伯頓全球亞洲小型企業基金A股(累積型)(歐元)
Y81,富蘭克林坦伯頓全球公司債基金A股(澳幣避險)(月配息)
Y82,富蘭克林坦伯頓全球新興國家固定收益基金A股(澳幣避險)(月配息)
Y83,富蘭克林坦伯頓全球亞洲債券基金A股(澳幣避險)(月配息)
Y84,富蘭克林坦伯頓全球精選收益基金A股(月配息)(澳幣避險)
Y85,富蘭克林坦伯頓全球債券總報酬基金A股(月配息)(澳幣避險)
Y86,富蘭克林坦伯頓全球全球債券總報酬基金A股(月配息)(歐元)
Y87,(百元基金)富蘭克林坦伯頓全球全球債券總報酬基金A股(累積)(美元)
Y88,富蘭克林坦伯頓全球全球債券總報酬基金A股(月配息)(美元)
Y90,(百元基金)富蘭克林坦伯頓新興國家小型企業基金(累積)A股(美元)
Y91,富蘭克林坦伯頓新興國家小型企業基金(累積)A股(歐元)
Y92,富蘭克林坦伯頓全球東歐基金(年配息)A 股(歐元)
Y93,富蘭克林坦伯頓全球成長(歐元)基金(年配息)A 股(歐元)
Y94,(百元基金)富蘭克林坦伯頓全球全球房地產基金(累積)(美元)
Y95,富蘭克林坦伯頓全球全球房地產基金(季配息)(美元)
Y96,富蘭克林坦伯頓全球全球房地產基金(累積)(歐元避險)
Y97,富蘭克林坦伯頓全球全球房地產基金(年配息)(歐元避險)
Y98,富蘭克林坦伯頓全球歐洲高收益基金(月配息)(美元避險)
Y99,富蘭克林坦伯頓全球穩定月收益基金(月配息)(澳幣避險)
Z01,日盛上選基金
Z02,日盛小而美基金
Z03,日盛精選五虎基金
Z04,日盛高科技基金(台幣)
Z05,日盛美亞高科技基金
Z06,日盛平衡基金
Z07,日盛貨幣市場基金(台幣)
Z08,日盛優益債券基金(台幣)
Z09,日盛美國成長基金(台幣)
Z10,日盛新台商基金(台幣)
Z11,日盛全球債券基金
Z12,日盛全球平衡基金
Z13,日盛策略平衡基金(台幣)
Z14,日盛穩泰保本基金(台幣)
Z15,日盛富盛平衡基金(台幣)
Z16,日盛富利平衡基金(台幣)
Z18,日盛美元東盈保本基金
Z19,日盛日本策略基金(台幣)
Z20,日盛全球金融資產證券化基金
Z21,日盛亞洲機會基金(台幣)
Z22,日盛首選基金(台幣)
Z23,日盛全球抗暖化基金
Z24,日盛亞洲星鑽基金
Z25,日盛中國內需動力基金
